-- phpMyAdmin SQL Dump
-- version 4.8.0
-- https://www.phpmyadmin.net/
--
-- Host: 127.0.0.1
-- Generation Time: Apr 23, 2018 at 04:09 PM
-- Server version: 10.1.31-MariaDB
-- PHP Version: 7.2.4

SET SQL_MODE = "NO_AUTO_VALUE_ON_ZERO";
SET AUTOCOMMIT = 0;
START TRANSACTION;
SET time_zone = "+00:00";


/*!40101 SET @OLD_CHARACTER_SET_CLIENT=@@CHARACTER_SET_CLIENT */;
/*!40101 SET @OLD_CHARACTER_SET_RESULTS=@@CHARACTER_SET_RESULTS */;
/*!40101 SET @OLD_COLLATION_CONNECTION=@@COLLATION_CONNECTION */;
/*!40101 SET NAMES utf8mb4 */;

--
-- Database: `e-api`
--

-- --------------------------------------------------------

--
-- Table structure for table `migrations`
--

CREATE TABLE `migrations` (
  `id` int(10) UNSIGNED NOT NULL,
  `migration` varchar(191) COLLATE utf8mb4_unicode_ci NOT NULL,
  `batch` int(11) NOT NULL
) ENGINE=InnoDB DEFAULT CHARSET=utf8mb4 COLLATE=utf8mb4_unicode_ci;

--
-- Dumping data for table `migrations`
--

INSERT INTO `migrations` (`id`, `migration`, `batch`) VALUES
(1, '2014_10_12_000000_create_users_table', 1),
(2, '2014_10_12_100000_create_password_resets_table', 1),
(3, '2018_04_23_124619_create_products_table', 1),
(4, '2018_04_23_130907_create_reviews_table', 1);

-- --------------------------------------------------------

--
-- Table structure for table `password_resets`
--

CREATE TABLE `password_resets` (
  `email` varchar(191) COLLATE utf8mb4_unicode_ci NOT NULL,
  `token` varchar(191) COLLATE utf8mb4_unicode_ci NOT NULL,
  `created_at` timestamp NULL DEFAULT NULL
) ENGINE=InnoDB DEFAULT CHARSET=utf8mb4 COLLATE=utf8mb4_unicode_ci;

-- --------------------------------------------------------

--
-- Table structure for table `products`
--

CREATE TABLE `products` (
  `id` int(10) UNSIGNED NOT NULL,
  `name` varchar(191) COLLATE utf8mb4_unicode_ci NOT NULL,
  `detail` text COLLATE utf8mb4_unicode_ci NOT NULL,
  `price` int(11) NOT NULL,
  `stock` int(11) NOT NULL,
  `discount` int(11) NOT NULL,
  `created_at` timestamp NULL DEFAULT NULL,
  `updated_at` timestamp NULL DEFAULT NULL
) ENGINE=InnoDB DEFAULT CHARSET=utf8mb4 COLLATE=utf8mb4_unicode_ci;

--
-- Dumping data for table `products`
--

INSERT INTO `products` (`id`, `name`, `detail`, `price`, `stock`, `discount`, `created_at`, `updated_at`) VALUES
(1, 'dignissimos', 'Nesciunt nesciunt optio eius quas cum odit. Molestiae quis sapiente id eos perspiciatis. Architecto ex soluta nihil voluptas. Et aliquid est ex excepturi. Quia eius illo eveniet nobis ipsum magnam.', 810, 7, 24, '2018-04-23 21:04:01', '2018-04-23 21:04:01'),
(2, 'aut', 'Consequuntur et quo ullam sit quo corrupti qui. Itaque voluptas accusantium esse voluptate facere. Et molestiae dolores qui ea omnis quisquam. Ut voluptate enim doloribus est facere possimus aut optio. Est labore veniam iste velit nisi perferendis voluptas.', 472, 7, 27, '2018-04-23 21:04:01', '2018-04-23 21:04:01'),
(3, 'corrupti', 'Iure quisquam deleniti aperiam enim quo cupiditate eaque. Autem incidunt non voluptatum odio. Harum id excepturi excepturi non recusandae. Consequuntur nobis cum repellat eum deleniti voluptas.', 728, 4, 4, '2018-04-23 21:04:01', '2018-04-23 21:04:01'),
(4, 'rerum', 'Quo fuga quos delectus reprehenderit corrupti autem. Quae delectus neque enim asperiores aut.', 599, 3, 8, '2018-04-23 21:04:01', '2018-04-23 21:04:01'),
(5, 'ut', 'Deleniti et qui veritatis fuga iste reprehenderit. Iure enim et a fugit voluptas voluptatem est quidem. Dolorem velit veritatis velit.', 648, 4, 22, '2018-04-23 21:04:01', '2018-04-23 21:04:01'),
(6, 'veritatis', 'Et expedita dignissimos quasi labore temporibus vel. Cumque dolore odit velit ut qui. Mollitia sunt ut repudiandae rem assumenda quia. Impedit occaecati sit consequuntur.', 257, 1, 19, '2018-04-23 21:04:01', '2018-04-23 21:04:01'),
(7, 'exercitationem', 'Aut inventore alias a. Dolores sunt eos expedita. Accusantium facilis deleniti quo sunt porro eveniet minima voluptatem. Dolorem et eum et beatae enim quos soluta provident.', 565, 0, 10, '2018-04-23 21:04:01', '2018-04-23 21:04:01'),
(8, 'ex', 'Temporibus voluptatem est velit. Eos dicta qui possimus eos et aperiam qui esse. Vero qui beatae nostrum expedita id sunt sed.', 861, 1, 15, '2018-04-23 21:04:01', '2018-04-23 21:04:01'),
(9, 'dolore', 'Laboriosam expedita deleniti possimus illo maiores possimus veniam molestiae. Ea harum occaecati accusamus tempora a. Impedit praesentium tempore qui est voluptatem quaerat eveniet nulla. Hic aut iure ipsa magnam quia dolore.', 292, 6, 26, '2018-04-23 21:04:01', '2018-04-23 21:04:01'),
(10, 'et', 'Dicta dolore quia aut possimus vero. Ratione quaerat et praesentium nulla consequatur. Tenetur tempora temporibus ullam eum molestiae exercitationem deleniti. Quis ut laboriosam voluptas ullam illo laudantium.', 435, 6, 12, '2018-04-23 21:04:02', '2018-04-23 21:04:02'),
(11, 'qui', 'Nam aut pariatur qui minus illum. Dolore assumenda ut unde temporibus. Dolores ex in dicta praesentium. Aut sapiente quisquam omnis magni aperiam nostrum et.', 989, 1, 22, '2018-04-23 21:04:02', '2018-04-23 21:04:02'),
(12, 'sit', 'Facere amet non praesentium est iure. In eaque et aut fuga voluptatem omnis. Ex quod molestiae repellat eveniet ipsum qui.', 413, 0, 23, '2018-04-23 21:04:02', '2018-04-23 21:04:02'),
(13, 'reiciendis', 'Possimus esse ipsam quis error quis minima tempore. Numquam quia quasi rem nostrum architecto. Rerum quas quae veritatis eos rerum animi. Perferendis qui maxime natus excepturi deleniti error quisquam.', 330, 8, 6, '2018-04-23 21:04:02', '2018-04-23 21:04:02'),
(14, 'non', 'Incidunt culpa molestiae suscipit amet aperiam et quia. Sit quia et amet nobis ea.', 329, 2, 4, '2018-04-23 21:04:02', '2018-04-23 21:04:02'),
(15, 'porro', 'Est quia rerum culpa. Excepturi officia alias amet quo et eum. Ut est nam ad incidunt illum est.', 527, 6, 27, '2018-04-23 21:04:02', '2018-04-23 21:04:02'),
(16, 'animi', 'Omnis aut assumenda cupiditate neque eaque. Saepe voluptatibus cupiditate autem in aut possimus. Et deleniti maiores voluptas est nihil non aut.', 825, 0, 21, '2018-04-23 21:04:02', '2018-04-23 21:04:02'),
(17, 'et', 'Adipisci fugiat modi corrupti expedita omnis. Voluptatem neque facilis in quidem dolor sunt. Vero veritatis perspiciatis rerum explicabo.', 764, 1, 25, '2018-04-23 21:04:02', '2018-04-23 21:04:02'),
(18, 'omnis', 'Minus adipisci itaque quam ut. Odit aut autem doloremque laudantium rerum. Molestias dolores quis quia nihil eius.', 288, 5, 20, '2018-04-23 21:04:02', '2018-04-23 21:04:02'),
(19, 'et', 'Aliquam sint ea consequatur perferendis eius nihil. Deserunt debitis et laudantium id iusto aut. Adipisci sunt delectus officiis ea neque dolorem. Veniam reiciendis cumque eaque quas ut ducimus.', 640, 0, 23, '2018-04-23 21:04:02', '2018-04-23 21:04:02'),
(20, 'quod', 'Qui recusandae ut ut enim ducimus et iusto. Sequi ut velit ut aut voluptatem adipisci et. Cupiditate voluptatem earum sequi perspiciatis quidem.', 869, 2, 12, '2018-04-23 21:04:02', '2018-04-23 21:04:02'),
(21, 'quod', 'Labore animi a ex a autem quaerat rerum. Qui non accusantium aperiam ex. Vel omnis vitae sapiente. Ut adipisci dignissimos incidunt in reiciendis numquam commodi voluptates.', 997, 9, 26, '2018-04-23 21:04:02', '2018-04-23 21:04:02'),
(22, 'nemo', 'Laborum sapiente asperiores enim asperiores ullam qui. Quis animi qui nihil at sed id necessitatibus illo. Odio culpa sunt quis neque atque iure iste.', 899, 2, 6, '2018-04-23 21:04:02', '2018-04-23 21:04:02'),
(23, 'enim', 'Ratione excepturi autem nihil quo doloribus omnis nulla odit. Ut soluta omnis perferendis ut rerum. Assumenda corrupti laborum aut aperiam aut natus assumenda. Qui eum veniam facere aliquam voluptatibus eaque iusto. Quae autem impedit voluptatibus sint minus et quas.', 848, 3, 28, '2018-04-23 21:04:02', '2018-04-23 21:04:02'),
(24, 'nobis', 'Unde atque iusto vel architecto tempora rerum voluptatem. Rem et alias incidunt est quos et ullam. Ut est doloribus reprehenderit voluptas recusandae vel.', 954, 6, 8, '2018-04-23 21:04:02', '2018-04-23 21:04:02'),
(25, 'aliquam', 'Officiis tempore qui magnam et odio. Suscipit nisi et quo aperiam qui libero. Ad earum cumque eligendi perspiciatis et occaecati eum. Sunt amet et neque ut deleniti.', 621, 7, 4, '2018-04-23 21:04:02', '2018-04-23 21:04:02'),
(26, 'aut', 'Dolorem voluptatem qui enim delectus debitis facere. Consectetur dolor minus cum id. Libero qui voluptatem molestias eos perspiciatis libero id. Voluptas quaerat ut fugiat quasi.', 182, 0, 23, '2018-04-23 21:04:02', '2018-04-23 21:04:02'),
(27, 'id', 'Consequuntur est suscipit nulla sequi accusantium deleniti deleniti. Molestias similique recusandae quae et laudantium aut. Qui fuga cupiditate ut nihil nulla. Inventore quia voluptatem similique nihil sint est.', 936, 2, 21, '2018-04-23 21:04:02', '2018-04-23 21:04:02'),
(28, 'cupiditate', 'Veritatis unde deserunt harum tempora facere voluptatem. Tenetur ducimus aut nobis ut beatae. Ex voluptatem magni sint nihil cumque recusandae mollitia et. Totam ad est rerum possimus. Suscipit impedit nemo velit pariatur facere.', 316, 8, 19, '2018-04-23 21:04:02', '2018-04-23 21:04:02'),
(29, 'aut', 'Voluptatem id similique et est sequi beatae voluptas. Perferendis sunt voluptas molestias sed animi dolores rerum. Mollitia voluptas ut ipsam cumque est accusantium. Quis velit nisi et recusandae.', 663, 8, 15, '2018-04-23 21:04:02', '2018-04-23 21:04:02'),
(30, 'alias', 'Perferendis nihil et adipisci molestiae aut voluptatem amet similique. Recusandae fugit voluptatem voluptatem incidunt velit aperiam. Vitae vel temporibus a necessitatibus.', 263, 3, 11, '2018-04-23 21:04:02', '2018-04-23 21:04:02'),
(31, 'laborum', 'Blanditiis alias culpa eos ipsa. Aut ducimus fuga inventore illo rerum natus. Laudantium velit velit nihil dolorum natus laboriosam ea sit. Eveniet non sed aut voluptas ea rerum id.', 300, 6, 11, '2018-04-23 21:04:02', '2018-04-23 21:04:02'),
(32, 'officiis', 'Sunt illum non et soluta in. Quaerat consequuntur fugit non eveniet facere tempora. Ipsa unde consequuntur aut dolor et exercitationem. Illum fuga placeat omnis et.', 134, 6, 21, '2018-04-23 21:04:02', '2018-04-23 21:04:02'),
(33, 'ea', 'Saepe autem odio est quia excepturi sequi. Autem placeat quis quia expedita expedita quisquam nihil. Quaerat quis impedit quod deleniti optio.', 117, 3, 7, '2018-04-23 21:04:02', '2018-04-23 21:04:02'),
(34, 'ipsam', 'Expedita molestiae voluptates tenetur assumenda. Aut quaerat enim aut aut atque rerum et. Sint illum deserunt non. Error nemo aperiam et aliquam enim.', 432, 4, 18, '2018-04-23 21:04:02', '2018-04-23 21:04:02'),
(35, 'veritatis', 'Est optio in qui iure. Consequatur ea totam maiores est. Qui consequuntur quia consequatur quibusdam quidem neque necessitatibus. Placeat recusandae corporis vel vero exercitationem id.', 722, 0, 25, '2018-04-23 21:04:02', '2018-04-23 21:04:02'),
(36, 'est', 'Dolorem vel molestias aut veritatis non. Voluptate odio et maxime laborum est quia. Mollitia et laboriosam nesciunt reiciendis.', 185, 5, 19, '2018-04-23 21:04:02', '2018-04-23 21:04:02'),
(37, 'sed', 'Eaque rerum iure et earum. Aperiam voluptates quidem saepe dolor at nihil pariatur adipisci. Molestiae dolor distinctio qui accusantium.', 758, 9, 28, '2018-04-23 21:04:02', '2018-04-23 21:04:02'),
(38, 'voluptatem', 'Rerum modi fugiat sed nesciunt. Qui dolor consequatur id adipisci voluptas qui. Ex dolorem mollitia aut exercitationem assumenda doloribus maxime. Quia alias ducimus quibusdam eos molestiae enim odit.', 298, 4, 18, '2018-04-23 21:04:02', '2018-04-23 21:04:02'),
(39, 'non', 'Voluptatum voluptatem est eveniet. Fugit assumenda quasi a in libero voluptas. Similique nihil beatae atque magnam eum veritatis ea. Similique reprehenderit officia est quibusdam fuga officia.', 892, 3, 23, '2018-04-23 21:04:02', '2018-04-23 21:04:02'),
(40, 'consectetur', 'Esse autem qui reiciendis suscipit magnam animi accusamus. Quo assumenda harum excepturi. Quos error quae nisi cumque maxime doloremque.', 202, 6, 13, '2018-04-23 21:04:02', '2018-04-23 21:04:02'),
(41, 'quaerat', 'Quibusdam animi aut voluptate accusantium sunt. Voluptate enim aperiam eum. Quo veniam praesentium voluptatum tempora ut.', 534, 7, 2, '2018-04-23 21:04:02', '2018-04-23 21:04:02'),
(42, 'amet', 'Pariatur qui dolores error et dolorem. Et illum cum ut sed voluptatem qui fugit. Nemo doloremque ut soluta aut sed. Et rem vero voluptatem qui fugiat libero consectetur.', 571, 8, 11, '2018-04-23 21:04:02', '2018-04-23 21:04:02'),
(43, 'dolore', 'In ab ut magni aspernatur quasi optio voluptatem. Enim corporis quidem voluptatem facere laboriosam voluptas velit. Voluptatibus ullam debitis commodi dolorem voluptas mollitia ut. Soluta corrupti quas enim sapiente blanditiis magnam veniam.', 559, 3, 30, '2018-04-23 21:04:02', '2018-04-23 21:04:02'),
(44, 'in', 'Est architecto magnam reprehenderit fugiat. Dolorum vero numquam quidem sit enim inventore explicabo autem. Facere voluptatum error non earum. Est error vel cum id ab ea.', 901, 0, 10, '2018-04-23 21:04:02', '2018-04-23 21:04:02'),
(45, 'quam', 'Provident laboriosam facilis excepturi reprehenderit consectetur cupiditate numquam maiores. Excepturi voluptates corrupti architecto amet. Rerum consequatur vel autem voluptatem optio accusantium nemo. Et enim commodi dicta voluptas. Optio voluptates qui vel in ut rerum non.', 803, 6, 4, '2018-04-23 21:04:02', '2018-04-23 21:04:02'),
(46, 'quas', 'Excepturi nostrum beatae est. Voluptatem voluptatem sunt numquam fugiat vel repellendus. Voluptas optio dolorum nisi dolorum laudantium. Cupiditate harum et ea sed. Aliquam impedit aut enim veritatis ea ipsa est ut.', 475, 0, 5, '2018-04-23 21:04:02', '2018-04-23 21:04:02'),
(47, 'ipsa', 'Labore ex magni consequatur ut dolorum autem. Et reiciendis minus doloribus veritatis soluta officia et. Saepe vitae eligendi doloribus id. Nostrum dolor unde vero.', 479, 2, 7, '2018-04-23 21:04:02', '2018-04-23 21:04:02'),
(48, 'error', 'Et cupiditate et dolore facilis earum sit. Maiores enim beatae amet ea doloremque corrupti. Quia autem voluptatem magnam ipsa officia. Optio doloremque voluptatem hic magni.', 544, 1, 9, '2018-04-23 21:04:03', '2018-04-23 21:04:03'),
(49, 'error', 'Error quia adipisci qui enim expedita. Distinctio doloribus vel qui rerum. Amet quia ut non odit dignissimos voluptatem ab.', 544, 3, 15, '2018-04-23 21:04:03', '2018-04-23 21:04:03'),
(50, 'veritatis', 'Accusantium qui iusto est quae dolore. Mollitia aut magnam accusamus aut iste. Est deleniti libero rerum ipsum.', 540, 3, 10, '2018-04-23 21:04:03', '2018-04-23 21:04:03'),
(51, 'adipisci', 'Architecto non beatae iusto odit perspiciatis beatae. Ad doloribus asperiores est quo esse. Molestias labore ea ducimus. Expedita ipsam expedita eos corrupti esse sint eveniet quibusdam.', 212, 9, 17, '2018-04-23 21:04:50', '2018-04-23 21:04:50'),
(52, 'omnis', 'Cupiditate dolor debitis error quo consequatur mollitia. Sit ut quam aspernatur quibusdam nisi. Enim libero praesentium in velit. Accusantium dignissimos ut atque.', 518, 8, 12, '2018-04-23 21:04:50', '2018-04-23 21:04:50'),
(53, 'quia', 'Aut autem asperiores et rerum amet temporibus ipsa. Et voluptate eum iusto voluptatem aperiam. Quo sed corrupti veritatis facere qui. Fugit voluptas ipsum veniam et ipsam voluptates atque.', 705, 2, 8, '2018-04-23 21:04:50', '2018-04-23 21:04:50'),
(54, 'in', 'Quia vero consequatur nesciunt soluta. Odit ab est autem dolores consequatur dignissimos est exercitationem. Veniam ullam delectus quia maiores voluptas.', 595, 1, 17, '2018-04-23 21:04:50', '2018-04-23 21:04:50'),
(55, 'dolores', 'Molestiae ut assumenda repudiandae est est quos. Rem aliquam rerum nemo delectus ut nostrum dolorem. Quaerat ex ducimus ut qui reprehenderit. Eum quam odit aut quidem non dolor.', 674, 9, 30, '2018-04-23 21:04:50', '2018-04-23 21:04:50'),
(56, 'neque', 'Dolorem quis illo sit labore qui laudantium et. Animi nesciunt ullam eveniet ea.', 875, 0, 3, '2018-04-23 21:04:50', '2018-04-23 21:04:50'),
(57, 'sint', 'Aspernatur sapiente quo laboriosam sit et et. Quis facere voluptates ea velit dolor cupiditate. Cupiditate sunt aperiam non reiciendis labore porro ratione sit.', 442, 2, 26, '2018-04-23 21:04:50', '2018-04-23 21:04:50'),
(58, 'eius', 'Assumenda aut est expedita sequi provident neque. Alias aperiam natus voluptatem non nulla aliquid. Inventore sequi laudantium dolores iusto tenetur. Quo rerum quisquam qui molestiae a autem voluptate.', 612, 6, 21, '2018-04-23 21:04:50', '2018-04-23 21:04:50'),
(59, 'est', 'Praesentium occaecati magni porro assumenda voluptatem. Culpa sunt suscipit quo omnis et enim. Et a molestiae iste deserunt accusantium velit.', 121, 4, 17, '2018-04-23 21:04:50', '2018-04-23 21:04:50'),
(60, 'voluptatum', 'Ullam nam nihil et doloremque neque. Nobis itaque quod officia. Ut possimus quidem nobis veniam in.', 314, 2, 11, '2018-04-23 21:04:51', '2018-04-23 21:04:51'),
(61, 'inventore', 'Reprehenderit facere amet nobis porro velit recusandae aperiam sit. Similique veniam qui maiores pariatur voluptatibus. Vel quaerat voluptas sint ratione deleniti.', 508, 2, 23, '2018-04-23 21:04:51', '2018-04-23 21:04:51'),
(62, 'sint', 'Et doloremque autem assumenda suscipit nemo. Earum aspernatur aut voluptate ut exercitationem earum qui. Qui pariatur dolorem rem provident tempore.', 232, 2, 22, '2018-04-23 21:04:51', '2018-04-23 21:04:51'),
(63, 'porro', 'Commodi beatae magni enim ex blanditiis cum vitae corporis. Quasi et ipsa enim quidem. Suscipit exercitationem voluptate illo molestiae. Et nemo enim doloribus blanditiis reiciendis ut.', 536, 6, 24, '2018-04-23 21:04:51', '2018-04-23 21:04:51'),
(64, 'harum', 'Voluptatem culpa dolorem qui voluptate doloremque amet repellendus. Id minima ad officiis laborum aut est nam. Natus sit rerum ea laboriosam ut. Autem veritatis non et natus sunt optio.', 511, 3, 6, '2018-04-23 21:04:51', '2018-04-23 21:04:51'),
(65, 'optio', 'Eveniet velit error beatae. Nostrum eveniet nisi vero consequuntur deleniti. Velit qui ipsum voluptas delectus recusandae aspernatur.', 854, 2, 10, '2018-04-23 21:04:51', '2018-04-23 21:04:51'),
(66, 'nulla', 'Tenetur autem voluptatibus laboriosam veritatis. Dolor ratione iusto ea. Nobis sunt alias ratione porro. Distinctio velit veniam exercitationem tempora dolores.', 749, 1, 2, '2018-04-23 21:04:51', '2018-04-23 21:04:51'),
(67, 'ratione', 'Accusantium omnis natus hic sint minima ratione. Quas alias laboriosam dolores sint minima pariatur minus. Vero et dolorem in tenetur.', 497, 4, 28, '2018-04-23 21:04:51', '2018-04-23 21:04:51'),
(68, 'aut', 'Eum magnam cupiditate recusandae suscipit et. Debitis omnis vel quos dolores voluptas. Ut repudiandae itaque nobis. Sed iure non cupiditate id.', 324, 3, 11, '2018-04-23 21:04:51', '2018-04-23 21:04:51'),
(69, 'velit', 'Sapiente quae in beatae doloribus numquam. Inventore ipsam nam natus repudiandae. Illo dolor quis incidunt molestiae. Voluptatum omnis non molestiae quia cumque quod rerum.', 600, 3, 21, '2018-04-23 21:04:51', '2018-04-23 21:04:51'),
(70, 'quia', 'Et aut ex tenetur tempora enim sed esse in. Porro fugit dolore in et aliquid rerum distinctio. Repudiandae et repudiandae accusamus nihil. Voluptas rerum qui praesentium eum nemo praesentium fuga.', 118, 5, 16, '2018-04-23 21:04:51', '2018-04-23 21:04:51'),
(71, 'vero', 'Hic et officiis nulla ratione ut. Est eligendi eum ea doloribus unde iste sequi. Perferendis nam voluptatem et alias. Dolores rerum fugiat sunt in voluptatem.', 461, 1, 13, '2018-04-23 21:04:51', '2018-04-23 21:04:51'),
(72, 'ratione', 'Id tempora et consequatur pariatur dolores et tempore. Commodi sint rerum inventore ut deleniti nobis ut. Autem quibusdam quis nisi dolor reprehenderit officia.', 977, 4, 16, '2018-04-23 21:04:51', '2018-04-23 21:04:51'),
(73, 'doloribus', 'Vel amet maiores maxime eligendi. Accusantium voluptatem est aliquid sit corporis suscipit blanditiis consequatur. Quo numquam aspernatur quis aut ut laudantium. Aut qui rerum voluptatem hic voluptas. Modi ea fugiat enim sed qui expedita et.', 910, 8, 23, '2018-04-23 21:04:51', '2018-04-23 21:04:51'),
(74, 'sed', 'Quis est qui sed omnis facilis optio quae. Laboriosam rerum nihil maiores suscipit ex alias. Excepturi accusantium nihil aut sint incidunt libero.', 969, 3, 3, '2018-04-23 21:04:51', '2018-04-23 21:04:51'),
(75, 'corrupti', 'Dolores quibusdam quos aperiam officiis et. Magni rerum eaque et similique quia laudantium.', 434, 5, 11, '2018-04-23 21:04:51', '2018-04-23 21:04:51'),
(76, 'doloribus', 'Assumenda doloremque pariatur aut sunt omnis porro. Mollitia nesciunt eius optio aut iste.', 535, 3, 15, '2018-04-23 21:04:51', '2018-04-23 21:04:51'),
(77, 'nulla', 'Similique sed est tenetur ex tempore a. Ut earum assumenda facilis vero. Voluptatem ducimus nisi ad totam dolor. Est delectus ut quod distinctio qui.', 804, 4, 26, '2018-04-23 21:04:51', '2018-04-23 21:04:51'),
(78, 'modi', 'Ipsa temporibus beatae quia explicabo omnis. Quis minus autem autem et nostrum et molestiae. Molestias magni asperiores sed incidunt.', 835, 7, 12, '2018-04-23 21:04:51', '2018-04-23 21:04:51'),
(79, 'ea', 'Voluptas eos eveniet quae eos magni aperiam doloribus. Et harum est nulla tempore eveniet alias.', 321, 0, 17, '2018-04-23 21:04:51', '2018-04-23 21:04:51'),
(80, 'ut', 'Velit quisquam nostrum fuga perspiciatis magni nobis. Ipsam et ipsum porro minus ipsa praesentium quidem architecto. Voluptatem ut et repellendus ea hic recusandae dolor impedit.', 909, 8, 5, '2018-04-23 21:04:51', '2018-04-23 21:04:51'),
(81, 'accusamus', 'Consequatur quo vitae in et sit. Totam fugit labore velit omnis ut ut. Dolorem dolorem asperiores officia.', 705, 7, 7, '2018-04-23 21:04:51', '2018-04-23 21:04:51'),
(82, 'non', 'Dolor quod esse atque amet molestiae. Numquam aut sint sequi. Voluptatem praesentium voluptatibus molestias est.', 879, 6, 29, '2018-04-23 21:04:51', '2018-04-23 21:04:51'),
(83, 'ipsa', 'Ab debitis error sit sapiente ab accusamus. Aperiam neque aliquam neque. Sapiente tenetur qui maxime pariatur voluptatem.', 250, 4, 25, '2018-04-23 21:04:51', '2018-04-23 21:04:51'),
(84, 'et', 'Pariatur quae adipisci enim placeat neque harum necessitatibus ut. Et maiores quaerat fuga omnis rerum voluptates. Et quod veritatis omnis ut. Quia et illo vero exercitationem perferendis iste suscipit.', 642, 5, 7, '2018-04-23 21:04:51', '2018-04-23 21:04:51'),
(85, 'repellendus', 'Et inventore accusamus dolores exercitationem. Et quos incidunt nemo velit ipsum. Odit suscipit voluptates et dolor assumenda unde.', 527, 4, 17, '2018-04-23 21:04:51', '2018-04-23 21:04:51'),
(86, 'reiciendis', 'Libero consequatur quae laudantium molestias voluptatem cumque repellat. Dolorem totam sequi enim hic. Eaque labore perferendis ullam id nihil.', 308, 2, 27, '2018-04-23 21:04:51', '2018-04-23 21:04:51'),
(87, 'totam', 'Qui est dignissimos soluta nam eum. Mollitia excepturi voluptatum quaerat totam et dicta. Omnis impedit est recusandae quia vero. Velit enim nihil rerum.', 456, 2, 28, '2018-04-23 21:04:51', '2018-04-23 21:04:51'),
(88, 'officiis', 'Aut qui iusto at nisi nihil nemo fugit est. Aut est autem impedit. Voluptatum laborum tenetur qui quia eaque magnam delectus saepe.', 577, 5, 5, '2018-04-23 21:04:51', '2018-04-23 21:04:51'),
(89, 'id', 'Expedita molestiae ullam occaecati necessitatibus nostrum. Aut mollitia eveniet repellat rem. Dolorum dolorum numquam iure culpa.', 358, 5, 16, '2018-04-23 21:04:51', '2018-04-23 21:04:51'),
(90, 'id', 'A qui minus consequatur eligendi repellendus sunt quis. Voluptatem sequi culpa et tempore fuga aut rem. Culpa in beatae consequatur non temporibus. Magnam et quae impedit voluptas odit mollitia corrupti.', 393, 3, 15, '2018-04-23 21:04:51', '2018-04-23 21:04:51'),
(91, 'ex', 'Quibusdam ex a voluptatem voluptate accusamus reprehenderit. Saepe eligendi minus nulla molestiae sint ipsum eius debitis. Nihil et dicta numquam iure accusamus sapiente. Maxime velit dolorem consequatur in accusamus. Et voluptate sunt facilis velit nemo reprehenderit.', 534, 6, 12, '2018-04-23 21:04:51', '2018-04-23 21:04:51'),
(92, 'ut', 'Suscipit et non debitis dolore atque. Dolores deleniti totam ut delectus corrupti cupiditate at. Velit dicta aut ducimus adipisci velit mollitia omnis. Amet nesciunt veniam fuga labore quia consequatur.', 475, 0, 10, '2018-04-23 21:04:51', '2018-04-23 21:04:51'),
(93, 'sapiente', 'Sint consequatur velit officiis quia delectus quisquam. Quia soluta pariatur deserunt delectus sit perspiciatis. Nisi molestias et animi non non qui aspernatur voluptatibus. Fugit officia consequuntur pariatur.', 578, 7, 26, '2018-04-23 21:04:51', '2018-04-23 21:04:51'),
(94, 'ipsum', 'Officiis modi doloribus ipsa nobis aspernatur. Nobis sed sapiente officiis commodi impedit pariatur. Cumque ut reprehenderit eligendi voluptatem porro et aut enim.', 264, 3, 29, '2018-04-23 21:04:51', '2018-04-23 21:04:51'),
(95, 'voluptates', 'Provident quae culpa porro adipisci in. Est magnam esse corporis vel. Et vero occaecati aliquam corrupti ipsa voluptatem sunt.', 549, 0, 17, '2018-04-23 21:04:51', '2018-04-23 21:04:51'),
(96, 'placeat', 'Qui labore neque laborum sapiente eos. Suscipit fugiat nemo qui qui. Eos et tenetur assumenda temporibus ut veritatis. Qui sed unde qui enim. Dicta officiis deserunt aut odio.', 218, 3, 19, '2018-04-23 21:04:51', '2018-04-23 21:04:51'),
(97, 'sed', 'Architecto ut dicta neque quis in voluptate odio. Voluptatum at placeat maxime consectetur unde sint. Sed non cum minus quos natus optio. Labore rem magnam cum fugit animi aut. Quisquam ullam adipisci qui aut voluptates qui.', 508, 5, 7, '2018-04-23 21:04:51', '2018-04-23 21:04:51'),
(98, 'adipisci', 'Ut adipisci et facere velit. Officia quidem libero tempora eaque molestiae similique et odit. A tempora reprehenderit veniam quod dignissimos dolorum.', 452, 8, 5, '2018-04-23 21:04:51', '2018-04-23 21:04:51'),
(99, 'totam', 'Quaerat in id ab voluptates necessitatibus sint. Cum et ea explicabo.', 537, 3, 14, '2018-04-23 21:04:51', '2018-04-23 21:04:51'),
(100, 'reprehenderit', 'In commodi veritatis exercitationem rerum a cumque rerum. Ex autem est quia alias voluptatem quos. Sit non vel assumenda voluptatem. Iste qui doloremque ut sit illum.', 917, 4, 23, '2018-04-23 21:04:51', '2018-04-23 21:04:51');

-- --------------------------------------------------------

--
-- Table structure for table `reviews`
--

CREATE TABLE `reviews` (
  `id` int(10) UNSIGNED NOT NULL,
  `product_id` int(10) UNSIGNED NOT NULL,
  `customer` varchar(191) COLLATE utf8mb4_unicode_ci NOT NULL,
  `review` text COLLATE utf8mb4_unicode_ci NOT NULL,
  `star` int(11) NOT NULL,
  `created_at` timestamp NULL DEFAULT NULL,
  `updated_at` timestamp NULL DEFAULT NULL
) ENGINE=InnoDB DEFAULT CHARSET=utf8mb4 COLLATE=utf8mb4_unicode_ci;

--
-- Dumping data for table `reviews`
--

INSERT INTO `reviews` (`id`, `product_id`, `customer`, `review`, `star`, `created_at`, `updated_at`) VALUES
(1, 59, 'Amie Mosciski', 'Reiciendis sunt rerum omnis quidem incidunt doloremque. Ipsam et aut voluptatum ut at. Similique quasi voluptatem deleniti asperiores. Ea laudantium earum facere eaque.', 3, '2018-04-23 21:04:53', '2018-04-23 21:04:53'),
(2, 80, 'Eloy Herman I', 'Voluptate saepe esse maxime mollitia animi dolore. Commodi ipsa est sequi magnam iste. Laboriosam qui magni est voluptatem nostrum laboriosam provident. Aperiam sed suscipit qui veritatis.', 5, '2018-04-23 21:04:53', '2018-04-23 21:04:53'),
(3, 25, 'Summer Moen', 'Eius dolor laborum soluta nesciunt laborum omnis. Sed voluptatem sit et ad quo est molestias. Minus veritatis consequatur dolorum necessitatibus. Sed qui quaerat inventore corrupti quibusdam perferendis id.', 5, '2018-04-23 21:04:53', '2018-04-23 21:04:53'),
(4, 59, 'Arvid Harber', 'Modi corporis ea labore quibusdam exercitationem et mollitia. Quia ducimus qui et corporis est. Quasi facere beatae voluptate rerum similique explicabo quae. Architecto aut dolorem iure error.', 5, '2018-04-23 21:04:53', '2018-04-23 21:04:53'),
(5, 55, 'Ena DuBuque', 'Impedit minus reiciendis in et et. Odit dolor nihil voluptas veniam et quasi est ipsam. Eius id ipsam iusto animi tempore non. Magnam doloremque facere velit excepturi ratione nobis qui.', 2, '2018-04-23 21:04:53', '2018-04-23 21:04:53'),
(6, 44, 'Peter Yost I', 'Incidunt unde nesciunt nihil qui sed quam et rerum. Pariatur itaque porro incidunt facere error. Consectetur ut odit velit dolores. Harum consequatur eum repellendus quisquam cum est nam. Est modi nemo distinctio consequuntur rerum aut.', 2, '2018-04-23 21:04:53', '2018-04-23 21:04:53'),
(7, 80, 'Leonardo Fay I', 'Excepturi dolor rerum voluptatem soluta ut dicta sed suscipit. Sunt nemo facere incidunt quo sit repudiandae unde.', 5, '2018-04-23 21:04:53', '2018-04-23 21:04:53'),
(8, 96, 'Willis Hahn', 'Et harum natus magnam et. Ipsum non quia in dolorem quia. Voluptatum omnis aliquid aut repellat accusantium. Quis soluta animi voluptatem quis.', 0, '2018-04-23 21:04:53', '2018-04-23 21:04:53'),
(9, 98, 'Jodie Kling II', 'Incidunt et reiciendis distinctio vero incidunt nisi et. Ducimus sint molestiae in ratione debitis. Consequatur corporis aut sed suscipit. Ullam voluptatum placeat non porro error sit.', 0, '2018-04-23 21:04:53', '2018-04-23 21:04:53'),
(10, 69, 'Casandra Dare Sr.', 'Magnam minus est dolor vitae. Enim qui et tempora veniam. Maxime ratione sequi debitis nihil voluptate.', 1, '2018-04-23 21:04:53', '2018-04-23 21:04:53'),
(11, 99, 'Gardner Bayer II', 'Assumenda dignissimos quia amet in. Temporibus est possimus laudantium atque consequatur et accusamus maxime. Sit repudiandae inventore nemo sapiente voluptatem eos molestias voluptas. Quos dolores voluptatem molestiae consequuntur quia.', 0, '2018-04-23 21:04:53', '2018-04-23 21:04:53'),
(12, 42, 'Chadrick Roob', 'Et non laborum autem sapiente consectetur harum. Libero expedita inventore accusamus qui corrupti. Ipsa voluptatem amet cum dolor qui aspernatur. Quis consequatur sit iste in accusamus ducimus qui veniam.', 0, '2018-04-23 21:04:53', '2018-04-23 21:04:53'),
(13, 80, 'Jennyfer Mitchell', 'Odit possimus et dolor sit quasi tempora delectus. Aperiam libero ea nihil ipsa non. Excepturi illo saepe ex nam.', 3, '2018-04-23 21:04:53', '2018-04-23 21:04:53'),
(14, 26, 'Kendrick Goodwin PhD', 'Ab a accusantium in quo aut impedit. Porro distinctio natus enim explicabo expedita porro ducimus. Et modi ut sint ratione iste dolore.', 1, '2018-04-23 21:04:53', '2018-04-23 21:04:53'),
(15, 59, 'Kelly Romaguera', 'Ut eos quo laborum. Deserunt aut at illum voluptatibus aliquid. Itaque animi velit est ipsam ipsam qui occaecati itaque.', 2, '2018-04-23 21:04:53', '2018-04-23 21:04:53'),
(16, 66, 'Delores Homenick Jr.', 'Aut dignissimos tempore est et sint corrupti necessitatibus. Repudiandae quae repellat est quos nihil maxime est earum. Tenetur non eius aut nam.', 2, '2018-04-23 21:04:53', '2018-04-23 21:04:53'),
(17, 72, 'Dr. Lauretta Turner', 'Est culpa laudantium doloribus quisquam in magni reprehenderit aut. Blanditiis qui excepturi impedit odit dicta quia expedita. Fuga corporis eos excepturi soluta.', 3, '2018-04-23 21:04:53', '2018-04-23 21:04:53'),
(18, 37, 'Devin Volkman', 'Repellat ab voluptatibus nulla praesentium. Assumenda incidunt provident animi optio dicta consectetur ut sit. Veritatis possimus et qui ea amet veritatis id nemo. Eligendi veritatis nihil quia cum velit.', 4, '2018-04-23 21:04:53', '2018-04-23 21:04:53'),
(19, 10, 'Myrna Murphy', 'Molestiae earum voluptates maiores optio magnam aut. Voluptate repellat aut dolore consectetur. Qui eaque veritatis in incidunt nostrum laudantium. Veritatis accusantium incidunt molestiae neque voluptas et.', 1, '2018-04-23 21:04:53', '2018-04-23 21:04:53'),
(20, 66, 'Wilson Tromp', 'Excepturi sapiente aspernatur minima molestias dicta distinctio. Expedita adipisci repellendus iste non ea doloremque. Iusto et aut deleniti similique nisi.', 5, '2018-04-23 21:04:53', '2018-04-23 21:04:53'),
(21, 38, 'Aylin King', 'Aliquid doloremque ea ut voluptatum est quam necessitatibus itaque. Saepe nemo eligendi tempora sed fugit recusandae autem. Autem ut qui qui commodi mollitia. Similique asperiores tempora et et adipisci reprehenderit est voluptatem.', 4, '2018-04-23 21:04:53', '2018-04-23 21:04:53'),
(22, 91, 'Casimir Johnson', 'Ea illo fugiat in minus aut error quia dignissimos. Inventore ut praesentium quis qui velit similique omnis. Dolor sed et repudiandae ut cupiditate nemo consequatur iusto.', 3, '2018-04-23 21:04:53', '2018-04-23 21:04:53'),
(23, 75, 'Meda Hand', 'Veniam iste qui perspiciatis architecto voluptas aperiam possimus. Consequatur voluptatem labore numquam ea quia esse eaque. Consectetur accusantium eum velit earum. Numquam quo excepturi vel veritatis.', 4, '2018-04-23 21:04:53', '2018-04-23 21:04:53'),
(24, 70, 'Lelah Bruen PhD', 'Voluptas tenetur amet consequuntur voluptate minus et laboriosam. Cupiditate distinctio enim corrupti enim voluptatem. Unde quaerat enim eaque enim maiores repellat modi. Ut voluptatibus in et inventore facere. Adipisci architecto odio qui itaque sed.', 4, '2018-04-23 21:04:53', '2018-04-23 21:04:53'),
(25, 65, 'Mr. Bertha Koss IV', 'Et nam qui et cum earum enim sit totam. Eveniet aut ipsam quibusdam inventore consequatur. Praesentium laudantium iste culpa voluptatum.', 2, '2018-04-23 21:04:53', '2018-04-23 21:04:53'),
(26, 65, 'Brendon Zemlak', 'Dicta dicta voluptatem enim et. Blanditiis in quis et. Veniam maiores eius laboriosam debitis facilis.', 3, '2018-04-23 21:04:53', '2018-04-23 21:04:53'),
(27, 60, 'Tressa Harris', 'Labore facilis sit velit explicabo quod. Suscipit rerum unde rerum non. Cum id unde ea aut ut.', 5, '2018-04-23 21:04:53', '2018-04-23 21:04:53'),
(28, 54, 'Estella Abernathy', 'Cupiditate dolores rerum qui voluptatibus ut. Consequuntur consectetur laudantium necessitatibus esse. Est numquam neque quia enim sunt adipisci.', 3, '2018-04-23 21:04:53', '2018-04-23 21:04:53'),
(29, 95, 'Magdalena Fadel MD', 'Voluptas autem sit libero dolorem. Asperiores rerum totam doloremque maxime velit dignissimos. Culpa ut et beatae vel molestias voluptatem explicabo. Quos sint harum tempora.', 4, '2018-04-23 21:04:53', '2018-04-23 21:04:53'),
(30, 93, 'Yessenia Swift', 'Neque quisquam odio vitae. Ab soluta non et illum doloribus a. Corporis temporibus nostrum molestiae aspernatur ipsa maiores iste. Porro tempora aut aspernatur voluptas commodi.', 2, '2018-04-23 21:04:53', '2018-04-23 21:04:53'),
(31, 29, 'Lillie Ernser', 'Sint facere at in porro eaque pariatur ut. Iusto neque eius itaque sed modi. Est quis nihil consequatur deleniti voluptatibus. Enim ipsum nisi totam quibusdam possimus.', 5, '2018-04-23 21:04:53', '2018-04-23 21:04:53'),
(32, 75, 'Gaetano Legros', 'Vero ut perferendis voluptatum odit placeat sit minus. Id esse perspiciatis nemo quo labore in temporibus occaecati. Earum non est adipisci adipisci repellendus qui dicta ut.', 3, '2018-04-23 21:04:53', '2018-04-23 21:04:53'),
(33, 75, 'Ms. Ara Rosenbaum', 'Aut nesciunt eveniet tempora deserunt tempore nam sed. Omnis optio quibusdam ullam. Earum quo consequuntur omnis.', 5, '2018-04-23 21:04:53', '2018-04-23 21:04:53'),
(34, 80, 'Webster Goyette', 'Vitae et accusantium et quos molestiae sit doloribus. Quidem temporibus labore est qui magni tempora. Necessitatibus autem sit fugiat et repellendus iure quam. Tempora est officia aut animi ut.', 3, '2018-04-23 21:04:53', '2018-04-23 21:04:53'),
(35, 24, 'Ashtyn Legros', 'Quia est quisquam itaque odit officiis nemo. Voluptatem rem deserunt ut. Voluptatem adipisci quia cupiditate omnis et. Voluptas exercitationem eum dolor quaerat ullam quos.', 2, '2018-04-23 21:04:53', '2018-04-23 21:04:53'),
(36, 72, 'Myrtie Hane', 'Error enim exercitationem excepturi pariatur alias doloremque. Similique a expedita laboriosam.', 5, '2018-04-23 21:04:53', '2018-04-23 21:04:53'),
(37, 79, 'Pinkie Dooley', 'In sit corporis velit doloribus eveniet. Saepe autem excepturi sed. Omnis quis ratione quo praesentium rem.', 3, '2018-04-23 21:04:53', '2018-04-23 21:04:53'),
(38, 20, 'Jordi Wolf Jr.', 'Rerum accusantium rerum aperiam. Necessitatibus enim numquam hic repellat amet asperiores. Laboriosam consequatur temporibus qui et numquam. Voluptas in praesentium voluptatem animi ut. Maiores sapiente illo aut et commodi cumque consequatur.', 5, '2018-04-23 21:04:53', '2018-04-23 21:04:53'),
(39, 15, 'Prof. Maiya Gleason DVM', 'Quo est et dolores sed repellat amet. Repudiandae dolorem alias ut et fugit in. Architecto et recusandae fugiat eius qui magni.', 2, '2018-04-23 21:04:53', '2018-04-23 21:04:53'),
(40, 9, 'Antwon Stracke', 'Perferendis iusto sed dolorem amet. Recusandae explicabo rerum et consequatur sed. Dolore rerum delectus eum consequatur sequi unde.', 4, '2018-04-23 21:04:53', '2018-04-23 21:04:53'),
(41, 8, 'Mr. Ricardo Muller IV', 'Quis iste exercitationem consequuntur quaerat ex quae. Cupiditate molestiae rem omnis repellat in.', 4, '2018-04-23 21:04:54', '2018-04-23 21:04:54'),
(42, 27, 'Dan Haag', 'Sit iusto ab cum debitis labore voluptas reiciendis. Sed soluta exercitationem reprehenderit. Nihil placeat autem dolores odio consequatur. Perspiciatis adipisci nulla adipisci magnam saepe consequuntur. Et in cum consectetur dolorum eius.', 0, '2018-04-23 21:04:54', '2018-04-23 21:04:54'),
(43, 23, 'Leonor Cronin', 'Error quis voluptas magni ex occaecati voluptas. Similique facilis qui quae debitis repellat libero. Incidunt eos dolorem exercitationem et autem voluptatem consequatur ut. Nulla aut aut illo deleniti. Quis quaerat ut omnis et et occaecati.', 3, '2018-04-23 21:04:54', '2018-04-23 21:04:54'),
(44, 90, 'Emilia Pfannerstill', 'Illo accusamus omnis et voluptatum sed. Reprehenderit at corrupti expedita cumque quisquam laudantium. Repellendus necessitatibus doloribus minima explicabo.', 3, '2018-04-23 21:04:54', '2018-04-23 21:04:54'),
(45, 72, 'Larry Mante', 'Est laborum cum voluptas in ab aliquid. Quam et sit numquam perferendis optio temporibus dolor.', 0, '2018-04-23 21:04:54', '2018-04-23 21:04:54'),
(46, 59, 'Dr. Gilda Gutmann', 'Quia deserunt ipsam aspernatur et et. Vel quibusdam nobis consequatur mollitia fugiat atque eligendi incidunt. Sunt sapiente in officiis occaecati dignissimos vel.', 4, '2018-04-23 21:04:54', '2018-04-23 21:04:54'),
(47, 60, 'Cecil Kshlerin', 'Unde nobis saepe dicta odit qui rerum. Ad et velit explicabo nihil reiciendis. Illo rerum omnis aut facilis vero assumenda enim. Atque vel sapiente maxime praesentium voluptatem.', 3, '2018-04-23 21:04:54', '2018-04-23 21:04:54'),
(48, 17, 'Faustino Funk', 'Tempora est cumque ipsa iure libero. Ut sint quisquam corrupti enim officia atque fugit. Sit iste sapiente voluptates suscipit quo asperiores doloribus nam.', 0, '2018-04-23 21:04:54', '2018-04-23 21:04:54'),
(49, 26, 'Prof. Gerry Gislason Jr.', 'Ut ut non id iste. Officia magni voluptatem ut et. Exercitationem modi id velit necessitatibus voluptatem. Beatae natus quia debitis consectetur et eveniet.', 5, '2018-04-23 21:04:54', '2018-04-23 21:04:54'),
(50, 42, 'Felipa Farrell MD', 'Id commodi ut aliquam quia dolores assumenda assumenda. Nostrum veniam suscipit sunt ipsa minus corporis non delectus. Voluptatibus dolorum explicabo dolorum provident enim sed et labore.', 4, '2018-04-23 21:04:54', '2018-04-23 21:04:54'),
(51, 12, 'Mireya Adams IV', 'Voluptatem est totam ut est. Rerum autem tempora itaque distinctio aspernatur. Nihil suscipit nulla beatae officia nihil.', 1, '2018-04-23 21:04:54', '2018-04-23 21:04:54'),
(52, 98, 'Prof. Hilma Murazik', 'Minus autem adipisci voluptas voluptatibus numquam. Voluptate dolores commodi neque sunt sed qui nisi est. Quidem corrupti vitae et iste est. Non maxime cumque qui cum laboriosam et commodi.', 1, '2018-04-23 21:04:54', '2018-04-23 21:04:54'),
(53, 12, 'Dr. Kaden Davis', 'Libero ut praesentium ea ea aspernatur doloribus amet. Hic temporibus corporis deserunt perferendis eius odit. Quia unde et et et ab.', 1, '2018-04-23 21:04:54', '2018-04-23 21:04:54'),
(54, 24, 'Turner Connelly', 'Eaque omnis omnis rem et possimus explicabo. Et aliquam assumenda dignissimos rerum voluptatem est quam. Omnis rem delectus odio commodi quia eius. Ut error ipsam a sed consectetur ipsam.', 4, '2018-04-23 21:04:54', '2018-04-23 21:04:54'),
(55, 37, 'Mr. Chadd Bernier DDS', 'Vel similique at praesentium et est et magni enim. Deleniti rem neque repellat eligendi. Atque nisi magni ad incidunt pariatur accusantium. Animi ut autem quae et.', 5, '2018-04-23 21:04:54', '2018-04-23 21:04:54'),
(56, 12, 'Aryanna Kozey', 'Aut ab non eos aliquam officia ea. Ab impedit deleniti enim exercitationem quo. Architecto et non velit omnis at nostrum rerum. Praesentium quis consequuntur occaecati repellendus mollitia magni dolore.', 0, '2018-04-23 21:04:54', '2018-04-23 21:04:54'),
(57, 96, 'Donnie Spencer', 'Ipsam consectetur nobis nihil ea dolores modi ullam. Ducimus et excepturi et nisi minima. Quis incidunt recusandae voluptatem commodi. Sint enim inventore tenetur id perferendis asperiores.', 2, '2018-04-23 21:04:54', '2018-04-23 21:04:54'),
(58, 62, 'Elouise Morissette', 'Odit recusandae voluptatibus magni incidunt consequatur exercitationem nihil. Est unde laboriosam sit. Ad et recusandae est ex. Veritatis deleniti nihil aut reiciendis dolore inventore neque rem.', 1, '2018-04-23 21:04:54', '2018-04-23 21:04:54'),
(59, 24, 'Jaden Nitzsche', 'Omnis maxime ea quidem maxime. Excepturi blanditiis at vel quia est et facere. Perspiciatis non ipsam deserunt ut est nisi. Ut dicta quia et sapiente voluptate vel quo.', 1, '2018-04-23 21:04:54', '2018-04-23 21:04:54'),
(60, 91, 'Miss Krystal Bogisich IV', 'Porro excepturi modi quidem qui sequi sit et. Animi ex delectus expedita aut eos. Voluptate architecto enim voluptatum omnis iure sint repellendus. Accusamus est ab excepturi error aut laudantium.', 1, '2018-04-23 21:04:54', '2018-04-23 21:04:54'),
(61, 19, 'Raymond Jacobson', 'Pariatur minus impedit vero et qui. Consequuntur eos est beatae enim qui. Et soluta voluptatem ut corrupti labore qui quos. Neque eos molestiae cupiditate tempore nam esse et et.', 4, '2018-04-23 21:04:54', '2018-04-23 21:04:54'),
(62, 45, 'Miles Morissette', 'Alias iusto ipsam consequatur earum et pariatur. Dignissimos quis quod qui maiores rerum temporibus. Quos perferendis et sit nobis quasi. Eveniet consequatur veniam voluptas qui unde.', 1, '2018-04-23 21:04:54', '2018-04-23 21:04:54'),
(63, 36, 'Dr. Alex Okuneva', 'Voluptatem assumenda ratione autem reprehenderit sapiente. Amet odit aut fuga earum tempora praesentium. Et nulla voluptatibus minus error.', 4, '2018-04-23 21:04:54', '2018-04-23 21:04:54'),
(64, 42, 'Ruthe Cruickshank III', 'Voluptas voluptate eum sunt qui quod autem et quibusdam. Doloribus ut ab consequatur beatae. Ipsum autem qui fugiat ut autem. Nulla sed dolores deleniti voluptas.', 0, '2018-04-23 21:04:54', '2018-04-23 21:04:54'),
(65, 58, 'Mr. Jules Parker', 'Beatae labore expedita quisquam aut. Aut magnam sed quis alias. Voluptatem quas saepe non odit odio. Impedit quaerat rem et iste unde. Dolores neque doloremque perspiciatis aut provident a.', 4, '2018-04-23 21:04:54', '2018-04-23 21:04:54'),
(66, 70, 'Mr. Bernie Bauch', 'Veritatis adipisci expedita quasi omnis est nihil quis. Maxime est nostrum quia recusandae nobis non. Sapiente est rerum voluptas voluptatem soluta sapiente nobis. Ipsam cumque corporis iure eum et dolores doloremque blanditiis.', 1, '2018-04-23 21:04:54', '2018-04-23 21:04:54'),
(67, 70, 'Jermey Graham MD', 'Eum ut deleniti non dolor atque. Qui ut laborum alias quaerat quis. Odio reiciendis dolorum et alias. Non est explicabo nostrum quos ab qui.', 0, '2018-04-23 21:04:54', '2018-04-23 21:04:54'),
(68, 6, 'Della Cremin DDS', 'Necessitatibus accusantium est est. Non dolorem cupiditate ducimus minus voluptas occaecati molestiae. Quos velit ut in velit. Omnis veritatis laudantium est corrupti rerum ipsum dolore. Maxime possimus porro totam qui molestiae voluptatibus.', 2, '2018-04-23 21:04:54', '2018-04-23 21:04:54'),
(69, 24, 'Verdie Cronin III', 'Nam cupiditate nostrum aut rerum. Sed ea numquam porro. Qui occaecati earum aut illum ut.', 3, '2018-04-23 21:04:54', '2018-04-23 21:04:54'),
(70, 7, 'Darrion Aufderhar', 'Asperiores autem sed recusandae velit saepe nostrum molestias sequi. Ut ex sit sequi autem. Voluptatum dolores rerum quod. Magnam est ipsam voluptatibus numquam aut magni in. Voluptate nulla consequatur sint quas qui.', 2, '2018-04-23 21:04:54', '2018-04-23 21:04:54'),
(71, 32, 'Emmanuelle Greenfelder', 'Quia doloremque quo similique temporibus et. Voluptatibus accusantium dolor odio ut. Ducimus doloremque sunt qui est quidem nisi.', 0, '2018-04-23 21:04:54', '2018-04-23 21:04:54'),
(72, 14, 'Ellen Kemmer', 'Sed pariatur optio et autem quia dignissimos. Voluptates rem repudiandae possimus ut sit rerum provident. Expedita est modi qui voluptatem a fugiat non.', 3, '2018-04-23 21:04:54', '2018-04-23 21:04:54'),
(73, 25, 'Miss Eloise Bruen', 'Voluptatem cumque dolor dolorem ipsam possimus. Eos quo quaerat voluptatum neque ab. Molestiae reprehenderit est similique asperiores.', 4, '2018-04-23 21:04:54', '2018-04-23 21:04:54'),
(74, 60, 'Nettie Olson', 'Natus eaque eum iste. Eos adipisci et saepe alias quos unde recusandae.', 3, '2018-04-23 21:04:54', '2018-04-23 21:04:54'),
(75, 27, 'Nathen Lakin', 'In molestias et voluptates sed ipsa itaque ut. Saepe totam facilis voluptas. Odit nisi animi nihil dolor aspernatur ratione. Nisi non omnis ut nihil impedit. Sed et rerum a eius ea harum libero.', 1, '2018-04-23 21:04:54', '2018-04-23 21:04:54'),
(76, 68, 'Reuben Koepp', 'Provident qui dolorem quam. Magnam quaerat velit eum sunt. Voluptatibus qui maiores eius. Sint autem odio inventore sit iusto.', 1, '2018-04-23 21:04:54', '2018-04-23 21:04:54'),
(77, 66, 'Prof. Orie Goyette II', 'Sequi officiis maiores cumque quisquam eos aut magnam. Soluta iure quas accusamus sapiente et. Vel quis nam quam culpa voluptas ut consectetur.', 5, '2018-04-23 21:04:54', '2018-04-23 21:04:54'),
(78, 49, 'Frederique Sauer', 'Repellat eos aut consequatur cupiditate iure sit. Et voluptatum asperiores dignissimos qui vero ut. Sequi et et ea ipsum nobis sapiente dolore. Optio nulla quae nisi quos voluptatem culpa.', 4, '2018-04-23 21:04:54', '2018-04-23 21:04:54'),
(79, 24, 'Dahlia Zulauf', 'Beatae quos sunt quos cumque. Eum quas aperiam enim inventore molestias aut doloribus qui. Odit laudantium ut rerum eius. Pariatur corrupti officiis pariatur aut voluptas.', 2, '2018-04-23 21:04:54', '2018-04-23 21:04:54'),
(80, 78, 'Aaron Senger', 'Aut laborum quia laudantium occaecati molestias quo sed. Ut illum laborum quam aut tempore. Laboriosam odio dolor perferendis. Amet quis ea illum harum.', 3, '2018-04-23 21:04:54', '2018-04-23 21:04:54'),
(81, 11, 'Prof. Marty Gutkowski I', 'Voluptatem laudantium corporis provident nobis. Dicta et illo odit qui voluptatem magni est. Doloremque earum explicabo quas in. Et libero fugit labore esse id in rerum.', 3, '2018-04-23 21:04:54', '2018-04-23 21:04:54'),
(82, 9, 'Ayla Kohler', 'Nobis atque id saepe facilis architecto consequatur. Sit quas ipsam maiores aut asperiores ut optio. Dolorum sed fugiat amet rem natus mollitia.', 5, '2018-04-23 21:04:54', '2018-04-23 21:04:54'),
(83, 93, 'Antwon Koss I', 'Consequatur rerum rerum ad doloremque id ad et et. Occaecati vero magni ullam dignissimos totam fuga hic. Magnam qui dolorum labore. Perspiciatis quisquam vero sint magnam ut nobis. Quis perspiciatis dolores voluptas officia corrupti eveniet quos.', 4, '2018-04-23 21:04:54', '2018-04-23 21:04:54'),
(84, 6, 'Della Walker Jr.', 'Molestiae consequatur quia neque quaerat debitis suscipit. Ipsam voluptatem eum quam et harum et. Qui rerum mollitia in laudantium alias. Sunt aut voluptas et consequatur tempora voluptatem.', 3, '2018-04-23 21:04:54', '2018-04-23 21:04:54'),
(85, 73, 'Horace Hermann DDS', 'Molestiae maxime voluptatem itaque reiciendis neque. Reprehenderit non sed autem consectetur sit porro. Eos aut omnis culpa blanditiis quibusdam dolorem. Et et et vel voluptatum.', 0, '2018-04-23 21:04:54', '2018-04-23 21:04:54'),
(86, 9, 'Prof. Victor Stark DDS', 'Enim a dolorem et consequatur et. Autem sed in quidem quia. Necessitatibus a aspernatur velit sed velit et.', 1, '2018-04-23 21:04:54', '2018-04-23 21:04:54'),
(87, 99, 'Alba McGlynn', 'Nihil sit dolorem excepturi consequatur itaque. Aut ut in sed nesciunt id.', 0, '2018-04-23 21:04:54', '2018-04-23 21:04:54'),
(88, 18, 'Tyreek Nolan Sr.', 'Architecto id velit qui ab corporis ullam ut totam. Quia tempore nobis enim possimus facere. Voluptates nulla iure saepe iusto autem quos.', 5, '2018-04-23 21:04:54', '2018-04-23 21:04:54'),
(89, 16, 'Mattie Bashirian', 'Qui ut similique possimus placeat et ut facilis nulla. Deserunt similique veritatis quis eum. Qui consectetur amet aperiam velit dolor voluptas aut optio.', 4, '2018-04-23 21:04:54', '2018-04-23 21:04:54'),
(90, 81, 'Miss Alvera Pollich', 'Molestiae est eum animi veniam. Culpa temporibus odit voluptas necessitatibus id et id. Mollitia itaque aut et voluptas fugiat.', 2, '2018-04-23 21:04:54', '2018-04-23 21:04:54'),
(91, 39, 'Carmel Gulgowski', 'Minus deleniti quam voluptas aut porro et. Vero in hic enim commodi omnis qui possimus sed.', 2, '2018-04-23 21:04:54', '2018-04-23 21:04:54'),
(92, 21, 'Triston Rosenbaum III', 'Earum itaque aspernatur nobis fugiat nesciunt consequatur. Cum ut autem reprehenderit sint voluptas distinctio magni. Libero similique molestiae impedit et occaecati quae nemo.', 0, '2018-04-23 21:04:54', '2018-04-23 21:04:54'),
(93, 76, 'Dr. Cassandra Lowe IV', 'In minus saepe tempora quidem excepturi qui quis accusamus. Maiores id et et ad est deleniti. Dolor dolores et fuga magnam sint odio consequatur.', 4, '2018-04-23 21:04:54', '2018-04-23 21:04:54'),
(94, 35, 'Dr. Ford Heathcote', 'Aut inventore quis consequatur rerum quaerat. Animi quo voluptatem sit accusantium. Enim sint harum voluptas dolore et praesentium. Et dolorem quibusdam a corporis.', 2, '2018-04-23 21:04:54', '2018-04-23 21:04:54'),
(95, 92, 'Makenna Bruen', 'Minima exercitationem odio nisi culpa assumenda. Nam rerum ipsam laborum explicabo aut. Facilis eligendi ipsam aut qui quidem explicabo et.', 1, '2018-04-23 21:04:55', '2018-04-23 21:04:55'),
(96, 69, 'Lizeth Bechtelar', 'Aut eum culpa omnis et non totam. Sunt at nihil neque non facere et rerum atque. Saepe possimus veniam autem quia voluptatem.', 0, '2018-04-23 21:04:55', '2018-04-23 21:04:55'),
(97, 36, 'Kristofer Walker', 'Voluptatum iure fugit magni veritatis. Vel ab perspiciatis fuga aliquid inventore debitis cumque. Quia qui sit pariatur exercitationem dolor unde praesentium et.', 4, '2018-04-23 21:04:55', '2018-04-23 21:04:55'),
(98, 61, 'Marley Prosacco', 'Eos iure similique id qui. Libero excepturi maiores quaerat sunt repellendus quia. Asperiores eum quod consequatur officia repudiandae dolor.', 4, '2018-04-23 21:04:55', '2018-04-23 21:04:55'),
(99, 39, 'Ezequiel Veum', 'Qui facere tempore architecto et quo. Omnis corporis quis sunt totam magnam rem. Quo corrupti non libero facilis. Eaque aut quia earum quaerat eum eum.', 2, '2018-04-23 21:04:55', '2018-04-23 21:04:55'),
(100, 87, 'Ms. Dayna King DDS', 'Enim earum enim mollitia et vel aut. Ea minus ut eligendi harum fugiat. Qui dicta occaecati labore reprehenderit omnis nulla qui perspiciatis. Ipsum deserunt quidem possimus accusantium et atque.', 4, '2018-04-23 21:04:55', '2018-04-23 21:04:55'),
(101, 6, 'Jadon Gorczany', 'Consequatur expedita voluptas autem maiores. Nihil et reiciendis soluta consequatur autem asperiores. Excepturi et illo voluptatem est. Laudantium voluptate et a quia aut aut sequi. Sed quia et saepe itaque inventore facere.', 3, '2018-04-23 21:04:55', '2018-04-23 21:04:55'),
(102, 34, 'Prof. Clifton Langworth', 'Et ut minima et debitis amet voluptas. Est eaque omnis suscipit ut mollitia delectus. Totam alias earum error deleniti.', 2, '2018-04-23 21:04:55', '2018-04-23 21:04:55'),
(103, 64, 'Mittie Emmerich', 'Rerum vitae nisi esse odit ut. Dolore inventore occaecati perspiciatis reprehenderit possimus. Delectus iusto quos voluptas odit ab.', 1, '2018-04-23 21:04:55', '2018-04-23 21:04:55'),
(104, 96, 'Alyce Sporer', 'Ex suscipit harum inventore cum. Praesentium non quod quae aut vel enim quaerat dignissimos. Necessitatibus sint iusto numquam non explicabo.', 0, '2018-04-23 21:04:55', '2018-04-23 21:04:55'),
(105, 57, 'Gracie Kshlerin', 'Eius iusto reiciendis quam nam maxime est. Rem repudiandae necessitatibus suscipit voluptas ea. Qui modi sequi velit vitae. Ex provident optio reprehenderit laboriosam.', 0, '2018-04-23 21:04:55', '2018-04-23 21:04:55'),
(106, 84, 'Dr. Darion Frami V', 'Architecto nihil dicta dolores eos quod. Sint quos eum deleniti recusandae autem natus quibusdam voluptatem. In quo enim voluptatibus asperiores omnis tempora quia.', 1, '2018-04-23 21:04:55', '2018-04-23 21:04:55'),
(107, 44, 'Marcella Schinner', 'Rem unde consequatur animi et quibusdam assumenda et. Quos eum autem voluptatem aut cupiditate. Id dolores in ea aliquid et possimus quisquam.', 5, '2018-04-23 21:04:55', '2018-04-23 21:04:55'),
(108, 75, 'Darryl Streich', 'Ipsum voluptas laborum eum beatae deserunt. Animi in sint molestiae. Ut officia et aspernatur similique. Voluptas provident doloremque ea vel. Molestiae quis quos temporibus quos dolores architecto quia.', 1, '2018-04-23 21:04:55', '2018-04-23 21:04:55'),
(109, 69, 'William Thompson', 'Sed veniam et in et ullam. Neque quaerat dolores tenetur exercitationem.', 4, '2018-04-23 21:04:55', '2018-04-23 21:04:55'),
(110, 4, 'Lukas Dach', 'Omnis beatae est nostrum aut dolorem consequatur. Facilis voluptatem non quisquam quis voluptates ipsam perspiciatis. Praesentium non suscipit qui eum aliquam.', 1, '2018-04-23 21:04:55', '2018-04-23 21:04:55'),
(111, 28, 'Dax Emmerich', 'Ea rerum officiis voluptatem quis enim sunt accusantium. Officiis ea sed qui cumque ab. Deleniti voluptas temporibus eligendi aut.', 1, '2018-04-23 21:04:55', '2018-04-23 21:04:55'),
(112, 5, 'Preston Rosenbaum', 'Nam ducimus perferendis voluptas qui a non eius enim. Ut non blanditiis accusantium et natus. Nulla voluptatum sit veniam animi excepturi.', 3, '2018-04-23 21:04:55', '2018-04-23 21:04:55'),
(113, 4, 'Nick Mosciski I', 'Commodi iste animi doloremque iusto. Deserunt recusandae voluptatibus eveniet aut. Consequatur et velit dolorem inventore possimus consequatur molestiae.', 5, '2018-04-23 21:04:55', '2018-04-23 21:04:55'),
(114, 30, 'Tressa Bailey', 'Dolorem placeat excepturi ut numquam cum exercitationem. Ut a placeat vel laudantium quia sint. Minus et quis nihil et et. Earum dolor vitae et.', 0, '2018-04-23 21:04:55', '2018-04-23 21:04:55'),
(115, 23, 'Dr. Hilbert Willms V', 'Et voluptates ipsa fugiat aliquid. Culpa est eos rerum placeat.', 3, '2018-04-23 21:04:55', '2018-04-23 21:04:55'),
(116, 31, 'Helmer Morissette V', 'Et at excepturi rerum excepturi ipsam ab est. Et amet expedita delectus nostrum rem. Sed quis aliquid sapiente et quibusdam reprehenderit beatae.', 0, '2018-04-23 21:04:55', '2018-04-23 21:04:55'),
(117, 61, 'Ignacio Haag V', 'Voluptas atque nemo repellendus eaque repellat. Praesentium nesciunt ullam quia laudantium consequuntur eum atque sint. Neque est rerum tempore modi saepe ut. Earum voluptas impedit officia magni.', 2, '2018-04-23 21:04:55', '2018-04-23 21:04:55'),
(118, 28, 'Prof. Jakob Baumbach', 'Nobis totam harum occaecati autem. Sed quia asperiores quasi. Earum excepturi sed perferendis fugit autem enim.', 4, '2018-04-23 21:04:55', '2018-04-23 21:04:55'),
(119, 5, 'Eloise Gaylord', 'Nulla et qui mollitia et consectetur minus tempore qui. Quod dolor error rerum neque et qui iure ullam. Et ipsum non accusamus velit dolorem. Quia doloremque eius enim aut sapiente unde.', 1, '2018-04-23 21:04:55', '2018-04-23 21:04:55'),
(120, 43, 'Cecelia Kling', 'Eius qui qui tempora illum eius quia debitis nesciunt. Eum fugit sed totam officia ab laborum. Reprehenderit deserunt iusto sed veritatis.', 5, '2018-04-23 21:04:55', '2018-04-23 21:04:55'),
(121, 80, 'Dr. Ewald Goodwin', 'Architecto aut reiciendis earum a aut porro. Nisi sequi dolores et voluptas.', 4, '2018-04-23 21:04:55', '2018-04-23 21:04:55'),
(122, 62, 'Diana Abshire', 'Et et tenetur rem praesentium quisquam quia repellendus et. Iusto ducimus nihil ut possimus nostrum. Consequatur et dolorum aut quasi similique voluptatem vel.', 5, '2018-04-23 21:04:55', '2018-04-23 21:04:55'),
(123, 1, 'Broderick Stark', 'Rem ea quia corrupti. Nihil fugiat eius id eos. Eveniet sit eos et dignissimos velit repellat sed dolores. Earum et deserunt ab ratione cupiditate autem.', 2, '2018-04-23 21:04:55', '2018-04-23 21:04:55'),
(124, 14, 'Summer Cummerata', 'Eos error error sunt quasi eligendi aut error non. Sed nulla dicta minima temporibus animi quae aliquid. Minima a molestiae rerum voluptatibus. Qui necessitatibus aspernatur soluta.', 0, '2018-04-23 21:04:55', '2018-04-23 21:04:55'),
(125, 6, 'Miss Hailee Marquardt DVM', 'Doloribus minus placeat molestiae omnis culpa. Molestiae enim eligendi voluptatem voluptate sed incidunt voluptas. Velit autem ut error modi accusantium ex.', 0, '2018-04-23 21:04:55', '2018-04-23 21:04:55'),
(126, 42, 'Dr. Rodrigo Kirlin IV', 'Ut est dolorem dolorum deleniti ut eos tenetur. Eligendi ratione laboriosam ipsa et voluptas nesciunt. Ducimus voluptate quo maxime ut recusandae illum.', 4, '2018-04-23 21:04:55', '2018-04-23 21:04:55'),
(127, 47, 'Dr. Sebastian Heaney I', 'Et id ut aut tempora distinctio. Amet qui impedit quod. Saepe id maiores optio rerum iure. Impedit hic qui sed rem aut cum. Tempore fuga accusantium ipsa dolorum delectus vel.', 5, '2018-04-23 21:04:55', '2018-04-23 21:04:55'),
(128, 26, 'Mr. Camden Shanahan', 'Magnam qui occaecati nostrum voluptatem tempora. Alias sit aliquam alias repellat nesciunt odit. Consequatur culpa cum ipsum dignissimos ipsum consequatur ducimus.', 2, '2018-04-23 21:04:55', '2018-04-23 21:04:55'),
(129, 38, 'Roberto Mitchell', 'Aut dolorem aperiam aut ex sed. Est dolorum rem sunt odio delectus natus. Quia quas ipsum aperiam molestiae perspiciatis. Et voluptatem ipsum amet. Aut voluptas ipsam quam enim ad voluptatem.', 2, '2018-04-23 21:04:55', '2018-04-23 21:04:55'),
(130, 75, 'Dr. Bernita Crist', 'Quis corporis amet natus praesentium magni consequatur. Minima et laudantium earum eos impedit sint. Quisquam et laborum aut aliquam.', 2, '2018-04-23 21:04:55', '2018-04-23 21:04:55'),
(131, 16, 'Ms. Ernestine Watsica', 'Aspernatur quis et nostrum vel beatae debitis sapiente. Mollitia qui et quo sunt officia unde. Doloribus inventore possimus commodi fuga est dolorum. Magnam dolor molestias dolorum qui perferendis tempore praesentium. Quia ab fugiat eligendi qui sint aut voluptatum.', 4, '2018-04-23 21:04:55', '2018-04-23 21:04:55'),
(132, 49, 'Elisha Ernser', 'Modi perspiciatis asperiores animi quis delectus facere. Temporibus et magnam molestias facilis. Reprehenderit dolor aut rerum dolor ut unde assumenda. Earum sit dolorem eligendi necessitatibus.', 5, '2018-04-23 21:04:55', '2018-04-23 21:04:55'),
(133, 97, 'Adaline Schuster', 'Velit nihil deserunt quaerat alias corporis. Eos asperiores perferendis magnam est consectetur magni distinctio.', 4, '2018-04-23 21:04:55', '2018-04-23 21:04:55'),
(134, 46, 'Bobby Fritsch', 'Delectus qui consequatur vel cupiditate voluptatem. Nihil ut debitis quia et. Nesciunt voluptatem veritatis laboriosam et sit sed delectus beatae.', 3, '2018-04-23 21:04:55', '2018-04-23 21:04:55'),
(135, 93, 'Devonte Hammes', 'Consequatur praesentium dolorem autem doloremque. Natus quo alias similique quis et qui. Ab omnis ipsam in tempora distinctio dicta cupiditate. Dolor laborum quia sed natus.', 1, '2018-04-23 21:04:55', '2018-04-23 21:04:55'),
(136, 28, 'Sandra Metz', 'Pariatur id ut debitis quasi similique. Quo culpa saepe quibusdam quidem qui. Eos occaecati quia culpa asperiores et. Odit omnis molestiae iusto voluptatibus officiis et pariatur.', 3, '2018-04-23 21:04:55', '2018-04-23 21:04:55'),
(137, 62, 'Nick Yost', 'Qui sit totam omnis alias. Non illum nisi pariatur voluptatibus officia quaerat rerum. Quo voluptatem illo aut.', 4, '2018-04-23 21:04:55', '2018-04-23 21:04:55'),
(138, 11, 'Fiona Wilderman', 'Minima tempora eos magnam alias dolores consequatur non. Atque similique non voluptatem in. Explicabo perferendis eveniet itaque laboriosam voluptatem quam nesciunt. Tempora itaque earum itaque in perferendis sunt quibusdam non.', 5, '2018-04-23 21:04:55', '2018-04-23 21:04:55'),
(139, 54, 'Cathrine Parker', 'Et quisquam eos maxime delectus aut. Est vel necessitatibus beatae eveniet vel dignissimos rerum. Beatae commodi sit excepturi dignissimos delectus.', 3, '2018-04-23 21:04:55', '2018-04-23 21:04:55'),
(140, 48, 'Giovanna Schoen', 'Qui iusto voluptas unde. Quos id pariatur fuga in quo. Sit quaerat quasi consequatur id magni voluptatibus consequatur.', 5, '2018-04-23 21:04:55', '2018-04-23 21:04:55'),
(141, 78, 'Charlie Friesen IV', 'Ullam voluptatem veniam modi aut qui. Omnis repudiandae dolore sed assumenda adipisci error. Qui voluptas nobis expedita et et.', 3, '2018-04-23 21:04:55', '2018-04-23 21:04:55'),
(142, 9, 'Sage Gerlach', 'Inventore accusamus eum rerum et cumque. Sequi fugiat dolorem quibusdam. Et architecto neque rerum tenetur nam fuga.', 3, '2018-04-23 21:04:55', '2018-04-23 21:04:55'),
(143, 42, 'Ruby Quitzon', 'Fugiat animi asperiores ipsum repellat voluptatem magnam. Non assumenda quia dolor doloribus sunt. Veritatis sunt voluptatem magnam velit consectetur totam sunt. Et maxime voluptate aut voluptatem sequi omnis.', 1, '2018-04-23 21:04:55', '2018-04-23 21:04:55'),
(144, 41, 'Jodie Casper', 'Libero quas amet est quasi consequatur animi dolores. Et enim at voluptatem eum suscipit et sed. Modi voluptatem debitis aperiam eos nobis.', 2, '2018-04-23 21:04:55', '2018-04-23 21:04:55'),
(145, 28, 'Deonte Hand', 'Dolorem omnis voluptas molestiae fugit dolor similique. Molestiae consequatur quod architecto autem quasi. Quia deserunt nihil dolorem qui dolore. Eaque et mollitia error maiores quisquam harum nostrum.', 3, '2018-04-23 21:04:55', '2018-04-23 21:04:55'),
(146, 8, 'Liliana Schneider', 'Est repudiandae voluptas non voluptas eum rerum reprehenderit. Earum deserunt veniam laborum dignissimos voluptate suscipit dignissimos commodi. Nostrum odio minima est dolore aut omnis accusamus. Dolores odio esse quia ut.', 5, '2018-04-23 21:04:55', '2018-04-23 21:04:55'),
(147, 58, 'Ruby Hagenes', 'Voluptas ad sed nisi rerum libero error dolorem impedit. Possimus aut impedit impedit nemo cum veniam earum. Id quo voluptas vitae voluptatum in. Corrupti perferendis et minus quo.', 5, '2018-04-23 21:04:55', '2018-04-23 21:04:55'),
(148, 55, 'Mr. Aric Orn', 'Mollitia perferendis officia explicabo. Iste sint excepturi eos. Molestias doloribus est eum.', 3, '2018-04-23 21:04:55', '2018-04-23 21:04:55'),
(149, 65, 'Emory Kunde', 'Sed aut deleniti quibusdam voluptatem ipsa distinctio similique natus. Dicta rerum voluptate autem ipsa dignissimos autem magnam. Cupiditate necessitatibus commodi earum quibusdam. Repellat earum dolorem similique tenetur amet qui.', 3, '2018-04-23 21:04:55', '2018-04-23 21:04:55'),
(150, 14, 'Ms. Sheila Metz DVM', 'Eveniet doloremque cumque modi quas quasi fugit eius. Eos recusandae quisquam suscipit quam aliquid rerum error. Aliquid ipsa assumenda reprehenderit ut. Rerum provident explicabo eligendi ab.', 2, '2018-04-23 21:04:55', '2018-04-23 21:04:55'),
(151, 9, 'Bryana Ward', 'Fugit ut et sed doloremque quia et. Nemo hic est animi nihil id sunt autem. Nihil adipisci soluta qui quis iure quam id voluptate.', 4, '2018-04-23 21:04:56', '2018-04-23 21:04:56'),
(152, 5, 'Miss Raegan Larson', 'Aut libero sunt repellat consectetur quod porro. Commodi architecto et aspernatur et voluptatem doloribus doloribus. Vero ea officia omnis.', 1, '2018-04-23 21:04:56', '2018-04-23 21:04:56'),
(153, 52, 'Dr. Johnathon Robel', 'Dicta cupiditate nobis quam delectus. Eos quasi sed quis quisquam reiciendis. Ut suscipit eveniet ex magnam sed eaque voluptatibus. Dolores reiciendis cumque aut voluptatum.', 4, '2018-04-23 21:04:56', '2018-04-23 21:04:56'),
(154, 7, 'Prof. Jarod Russel', 'Sit nesciunt exercitationem aliquam beatae aperiam sunt doloremque dolorem. Ducimus deserunt explicabo earum numquam molestias eum. Voluptas consequatur sint quam distinctio.', 0, '2018-04-23 21:04:56', '2018-04-23 21:04:56'),
(155, 89, 'Dr. Preston Hudson Jr.', 'Commodi optio et debitis velit aut non. Est commodi placeat temporibus assumenda et. Ducimus dolores commodi maiores qui animi.', 0, '2018-04-23 21:04:56', '2018-04-23 21:04:56'),
(156, 25, 'Miles Huel', 'Quasi dignissimos ipsum nihil quo. Amet sequi ad excepturi. Dolor quisquam voluptas sunt similique sunt ut velit. Nesciunt eligendi est perspiciatis similique fugit. Quo nihil impedit facilis quia est rerum impedit sint.', 4, '2018-04-23 21:04:56', '2018-04-23 21:04:56'),
(157, 4, 'Alex Ortiz', 'Numquam porro doloribus et autem. Sunt quisquam sunt eos ut. Corporis dicta quas architecto itaque velit et distinctio. Natus et facere rerum ipsum dolorum facere eum.', 3, '2018-04-23 21:04:56', '2018-04-23 21:04:56'),
(158, 23, 'Kody Bode', 'Ratione velit eius sed sunt. Omnis tempora dolor itaque aut. Fuga et veniam corporis consequatur. Enim libero sunt est quis. Libero minus quod earum exercitationem impedit.', 3, '2018-04-23 21:04:56', '2018-04-23 21:04:56'),
(159, 9, 'Abraham Jacobs', 'Et quis porro et quidem dolores. Ipsa accusantium sequi culpa autem rerum ad voluptatem id. Iusto eum fugiat in rem quibusdam nam iste. Id aut quo sunt dolores maiores fuga explicabo. Sequi perferendis qui est aut officia eum.', 1, '2018-04-23 21:04:56', '2018-04-23 21:04:56'),
(160, 28, 'Prof. Dave Abshire DVM', 'Delectus doloremque accusantium neque necessitatibus eum nulla laudantium. Et deleniti magnam possimus facere odit excepturi aut fugit. Facilis repellat qui id quod occaecati provident in.', 1, '2018-04-23 21:04:56', '2018-04-23 21:04:56'),
(161, 48, 'Juwan Kirlin', 'Laborum aspernatur non rem saepe natus dolore voluptatem dolores. Repellat assumenda voluptatem consequatur officia. In nesciunt illum maiores placeat eveniet repellendus.', 3, '2018-04-23 21:04:56', '2018-04-23 21:04:56'),
(162, 97, 'Rowland Lowe', 'Deleniti alias eaque vitae at dolores itaque. Est eius velit sint ex. Et at enim necessitatibus vel qui commodi.', 0, '2018-04-23 21:04:56', '2018-04-23 21:04:56'),
(163, 65, 'Jonathon Goyette', 'Nemo sunt est laudantium est esse. At totam reiciendis maiores sunt. Quis odio facere repudiandae consequatur distinctio. Beatae expedita dolores voluptatum sed veniam soluta voluptatem voluptate.', 2, '2018-04-23 21:04:56', '2018-04-23 21:04:56'),
(164, 98, 'Miss Itzel Corkery PhD', 'Atque saepe nihil aut ut vitae earum voluptas nobis. Minima a et sunt animi sapiente. Et neque et ut quaerat ea.', 2, '2018-04-23 21:04:56', '2018-04-23 21:04:56'),
(165, 44, 'Audrey Lowe', 'Debitis ratione magni recusandae dolores ipsa minus veritatis minus. Est aut sit consequatur aut impedit quo. Voluptas vel laborum labore quia ut sunt voluptate.', 0, '2018-04-23 21:04:56', '2018-04-23 21:04:56'),
(166, 74, 'Ned Ritchie', 'Molestias veniam praesentium ipsam et et necessitatibus. Vero quia veritatis voluptas ad in nihil. Error distinctio ducimus officia nemo nobis quis.', 1, '2018-04-23 21:04:56', '2018-04-23 21:04:56'),
(167, 77, 'Mrs. Edythe Kerluke V', 'Voluptatum est pariatur vero assumenda architecto reprehenderit totam. Quam ut dolorum qui occaecati. Ab quaerat delectus assumenda consectetur quidem est officiis. Voluptas sapiente adipisci ut nisi maxime molestias. Cumque eius praesentium sapiente ratione ipsam eaque.', 5, '2018-04-23 21:04:56', '2018-04-23 21:04:56'),
(168, 63, 'Prof. Tyrell Beatty', 'Qui molestiae ut et. Et iusto itaque error libero recusandae. Earum ullam velit et quis ut.', 5, '2018-04-23 21:04:56', '2018-04-23 21:04:56'),
(169, 92, 'Verner Gusikowski III', 'Illum voluptatibus neque consequatur nihil sapiente. Est est non maxime repellendus corporis. Qui nihil rerum laudantium sint ut.', 5, '2018-04-23 21:04:56', '2018-04-23 21:04:56'),
(170, 58, 'Domingo Heller PhD', 'Quia eum ex et et ea iusto. Inventore dolore ratione eum accusantium. Ut magnam magnam ut quaerat quis consequatur hic. Rem est beatae voluptates. Nemo quasi sint enim sint.', 2, '2018-04-23 21:04:56', '2018-04-23 21:04:56'),
(171, 1, 'Hans Stanton', 'Ea harum molestias eius consequatur ea est. Et ut cupiditate et sequi tempore.', 1, '2018-04-23 21:04:56', '2018-04-23 21:04:56'),
(172, 89, 'Gregory Green', 'Delectus vel reiciendis totam recusandae. Sit labore iure perspiciatis ipsa sunt consequuntur. Molestias consectetur ut voluptate eveniet voluptas.', 2, '2018-04-23 21:04:56', '2018-04-23 21:04:56'),
(173, 63, 'Prof. Wendell Cruickshank', 'Ea et aliquid expedita soluta ea laboriosam alias. Quia ratione dicta iste ex voluptates dolor.', 4, '2018-04-23 21:04:56', '2018-04-23 21:04:56'),
(174, 83, 'Prof. Kameron Gislason IV', 'Molestiae rem quia nemo neque animi voluptatum. Non sed provident veniam non. Enim corrupti esse recusandae et architecto. Accusamus quis eveniet eligendi labore.', 1, '2018-04-23 21:04:56', '2018-04-23 21:04:56'),
(175, 96, 'German Grant', 'Voluptates animi sit velit natus. Dolorum magni quam enim. Voluptas aut provident minus ea eum perspiciatis praesentium natus.', 2, '2018-04-23 21:04:56', '2018-04-23 21:04:56'),
(176, 86, 'Fermin Lueilwitz', 'Sed voluptatem atque eos omnis. Totam repellat vero modi blanditiis. Minima enim et id eum repellat.', 3, '2018-04-23 21:04:56', '2018-04-23 21:04:56'),
(177, 82, 'Mr. Micah Hahn Sr.', 'Nesciunt eos ut assumenda consequatur. Expedita consequatur laboriosam sed provident vel ut. Mollitia nobis reprehenderit et.', 4, '2018-04-23 21:04:56', '2018-04-23 21:04:56'),
(178, 59, 'Dorthy Zulauf', 'Dolor facilis sed beatae praesentium suscipit. Autem eum id odio. Asperiores cupiditate consectetur distinctio voluptas reiciendis.', 2, '2018-04-23 21:04:56', '2018-04-23 21:04:56'),
(179, 69, 'Mrs. Shyann Cummings Jr.', 'Quibusdam sit qui maxime voluptate. Possimus et officia est eligendi asperiores quas voluptates. Nihil reiciendis tempore eum non nobis illo iste.', 3, '2018-04-23 21:04:56', '2018-04-23 21:04:56'),
(180, 96, 'Libby Bayer I', 'Dolorem exercitationem nesciunt necessitatibus et. Incidunt non perferendis magni nisi possimus autem. Quisquam tempore deleniti autem.', 4, '2018-04-23 21:04:56', '2018-04-23 21:04:56'),
(181, 43, 'Arlie Schneider', 'Voluptas vel dicta voluptate non recusandae. Ullam totam sint asperiores officiis. Est ab saepe repellendus ad qui non.', 4, '2018-04-23 21:04:56', '2018-04-23 21:04:56'),
(182, 6, 'Melba Hickle', 'Qui itaque soluta odio quod qui nobis. Doloribus aperiam quasi rerum aut est voluptate. Officiis ut eligendi eum voluptatum.', 4, '2018-04-23 21:04:56', '2018-04-23 21:04:56'),
(183, 86, 'Jerrold Zemlak', 'Voluptatem deserunt similique asperiores exercitationem. Cum aperiam rerum fuga rerum. Mollitia voluptatem recusandae voluptatibus et et. Sit qui architecto laborum ut. Velit velit tempore error quis animi.', 0, '2018-04-23 21:04:56', '2018-04-23 21:04:56'),
(184, 60, 'Cristal Pfannerstill III', 'Dolor iste fugit nisi voluptatem consequatur. Ut omnis nemo sint amet. Temporibus ullam ullam voluptas autem.', 0, '2018-04-23 21:04:56', '2018-04-23 21:04:56'),
(185, 89, 'Prof. Chadrick Luettgen II', 'Voluptas quasi iusto consequatur amet facilis pariatur. Quis error iure aspernatur error distinctio. Dolores asperiores commodi possimus recusandae qui ipsum rem. Suscipit modi blanditiis voluptatem nesciunt.', 1, '2018-04-23 21:04:56', '2018-04-23 21:04:56'),
(186, 71, 'Dr. Monty West I', 'Suscipit in nobis maxime sint quia consequatur. Laboriosam dolores nostrum et cupiditate blanditiis. Excepturi eaque commodi ipsam suscipit voluptas ratione. Id modi aut eius voluptatem laborum praesentium.', 5, '2018-04-23 21:04:56', '2018-04-23 21:04:56'),
(187, 98, 'Elenora McLaughlin', 'Vel fugiat sed dolorum consequatur sunt deserunt quasi. Voluptas amet modi odio perferendis est. Quae laudantium eligendi est ullam consequuntur quam. Minus eveniet sed eos iusto adipisci.', 3, '2018-04-23 21:04:56', '2018-04-23 21:04:56'),
(188, 47, 'Dr. Florencio Pfannerstill', 'Repellat voluptate omnis iure. Adipisci dolorem omnis deleniti sed perferendis ex. Voluptatem eius est molestias quo. Excepturi laborum eum commodi illo maxime.', 4, '2018-04-23 21:04:56', '2018-04-23 21:04:56'),
(189, 32, 'Mr. Tyree Thiel I', 'Error ea assumenda blanditiis error. Eveniet et voluptates sit maxime. Deleniti praesentium voluptas neque mollitia suscipit. Necessitatibus quia sunt natus et.', 4, '2018-04-23 21:04:56', '2018-04-23 21:04:56'),
(190, 17, 'Emelie Mills', 'Adipisci est voluptate aspernatur. Sint corporis sint sed amet. Adipisci ipsam totam libero quo sit optio sed.', 0, '2018-04-23 21:04:56', '2018-04-23 21:04:56'),
(191, 34, 'Tania Lowe', 'Id autem quidem praesentium. In aut illo minus. Beatae et commodi dicta consequuntur autem.', 3, '2018-04-23 21:04:56', '2018-04-23 21:04:56'),
(192, 20, 'Gerson Kilback IV', 'Numquam ut beatae corporis vero. Omnis tenetur facere qui perferendis sed ipsam inventore. Aliquid deleniti ut numquam sed. Consequatur sed eius maxime.', 0, '2018-04-23 21:04:56', '2018-04-23 21:04:56'),
(193, 39, 'Dr. Alexander Stracke', 'Quaerat eum a aut ut aut occaecati qui aut. Nam incidunt tenetur debitis atque illo nobis. Unde possimus rerum vel omnis amet qui molestias. Et exercitationem assumenda incidunt quia.', 4, '2018-04-23 21:04:56', '2018-04-23 21:04:56'),
(194, 86, 'Laurianne Sanford MD', 'Neque officiis quis et. Veniam sit nam repellat atque et. Est nesciunt soluta itaque officia.', 4, '2018-04-23 21:04:56', '2018-04-23 21:04:56'),
(195, 87, 'Garfield Grimes', 'Est facilis dolores nesciunt id. Deleniti tenetur qui officia blanditiis commodi libero deserunt. Eum delectus ratione inventore fuga ipsum. Tempora at consequatur placeat et.', 0, '2018-04-23 21:04:56', '2018-04-23 21:04:56'),
(196, 98, 'Jeanne DuBuque V', 'Blanditiis voluptatem ut veniam. Doloribus illum aut facere expedita enim. Ut facere beatae placeat. Fugit nam et aut dolores facilis.', 1, '2018-04-23 21:04:56', '2018-04-23 21:04:56'),
(197, 92, 'Francis Dickinson', 'Incidunt unde enim voluptatibus dicta aliquam officiis mollitia. Reprehenderit autem rerum quia dolore. Excepturi et quo ut distinctio enim vel. Omnis exercitationem laboriosam quos exercitationem aspernatur architecto ut.', 4, '2018-04-23 21:04:56', '2018-04-23 21:04:56'),
(198, 74, 'Bobby Feeney', 'Accusantium reiciendis rerum libero corrupti qui autem. Sit sed qui commodi. Enim sint consectetur vitae repellat magni voluptas quos fugiat.', 1, '2018-04-23 21:04:56', '2018-04-23 21:04:56'),
(199, 69, 'Jimmy Strosin', 'Perferendis est eveniet qui vero. Sit nesciunt cupiditate eligendi ex id. Et nihil pariatur blanditiis itaque voluptatum blanditiis.', 0, '2018-04-23 21:04:56', '2018-04-23 21:04:56'),
(200, 17, 'Nora Ortiz', 'Et deserunt veritatis voluptatem ratione dolorum ducimus iure. Quia eos porro adipisci dolorem molestias qui aspernatur laboriosam. Vel quam repellat autem hic soluta est suscipit vero.', 5, '2018-04-23 21:04:56', '2018-04-23 21:04:56'),
(201, 83, 'Jeremy Abshire', 'Inventore ullam aut illum animi ullam laborum ad repellat. A ullam eaque quos tenetur assumenda. Harum excepturi non distinctio. Ipsa corrupti autem ullam adipisci minus adipisci.', 2, '2018-04-23 21:04:56', '2018-04-23 21:04:56'),
(202, 58, 'Mrs. Lois Lang', 'Accusamus repellat tenetur odit aut. Consequuntur labore sequi dolorum quaerat consequatur laborum. Magnam quod temporibus temporibus ad maiores. Animi harum maiores sed aut exercitationem enim.', 1, '2018-04-23 21:04:56', '2018-04-23 21:04:56'),
(203, 56, 'Chasity Dickens', 'Ipsa rerum excepturi modi fuga corrupti. Perspiciatis qui et dicta. Necessitatibus dolore explicabo autem magnam distinctio.', 2, '2018-04-23 21:04:56', '2018-04-23 21:04:56'),
(204, 39, 'Dr. Deon Bayer II', 'Et rerum voluptatem velit culpa voluptas quas. Sit natus ut mollitia quo non voluptas. Voluptas tenetur sed molestiae molestias illum. Cumque et voluptas magnam dignissimos.', 4, '2018-04-23 21:04:56', '2018-04-23 21:04:56'),
(205, 43, 'Ms. Mercedes Wilderman', 'Quos eaque sed consectetur ex voluptatem vel. Natus voluptatem sapiente non et quaerat harum optio magnam. Dolorum fuga voluptatem quia qui. Eaque quo ut rerum sit ut.', 2, '2018-04-23 21:04:56', '2018-04-23 21:04:56'),
(206, 26, 'Cody Barton', 'Nesciunt ipsam vero ut unde. Nemo rerum illo iure ad reiciendis eos. Excepturi necessitatibus ex omnis dolor eius at alias. Iure aut ratione praesentium provident voluptatem aut officiis qui. Voluptatibus et sint eos cum.', 0, '2018-04-23 21:04:56', '2018-04-23 21:04:56'),
(207, 36, 'Sarina Boyle', 'Temporibus quo sint mollitia architecto modi quis provident. Facilis velit quo dolores in aut eaque eum. Voluptatibus rerum velit quae nulla cupiditate optio. Nam ab fugit explicabo reiciendis dolores. Molestiae facilis et est modi numquam tempora iure ut.', 3, '2018-04-23 21:04:56', '2018-04-23 21:04:56');
INSERT INTO `reviews` (`id`, `product_id`, `customer`, `review`, `star`, `created_at`, `updated_at`) VALUES
(208, 80, 'Omari Witting', 'Atque in est perferendis aut voluptatum voluptate. Blanditiis impedit ut laborum. Numquam voluptas molestiae omnis officiis et ut pariatur. Et tenetur nihil ab molestiae sed qui voluptas.', 4, '2018-04-23 21:04:56', '2018-04-23 21:04:56'),
(209, 20, 'Matteo Kshlerin II', 'Et sapiente dignissimos consectetur. Qui sapiente consequatur hic qui tenetur.', 5, '2018-04-23 21:04:56', '2018-04-23 21:04:56'),
(210, 67, 'Jerrold Greenholt', 'Explicabo modi eum sapiente consectetur qui voluptates. Saepe quo ex veritatis facilis officiis error. Voluptate similique voluptas optio veritatis et est unde. Autem et soluta ea reprehenderit quas quisquam.', 0, '2018-04-23 21:04:57', '2018-04-23 21:04:57'),
(211, 46, 'Daisha Kuphal', 'Quia omnis voluptas velit consequuntur commodi. Sapiente accusantium aut non sit aspernatur. Consequatur quia corrupti blanditiis ex repellat beatae. Debitis amet nihil quis temporibus odio libero eum omnis.', 5, '2018-04-23 21:04:57', '2018-04-23 21:04:57'),
(212, 91, 'Danny Lind', 'Voluptatibus nisi ad voluptatem et est qui voluptatem est. Deserunt blanditiis sed et ut consequatur quo. Minima et culpa voluptatem.', 2, '2018-04-23 21:04:57', '2018-04-23 21:04:57'),
(213, 91, 'Jermaine Vandervort', 'Consequatur fuga nam ipsam. Consectetur aut ducimus at. Earum id quia fuga nisi. Voluptates rerum numquam incidunt id. Repellendus et quo pariatur laboriosam et.', 0, '2018-04-23 21:04:57', '2018-04-23 21:04:57'),
(214, 23, 'Margarett Gorczany DDS', 'Mollitia magni sit modi quod perferendis. Nihil ad iste aut eaque aut non. Dolorem et dolorum voluptatem placeat ut.', 5, '2018-04-23 21:04:57', '2018-04-23 21:04:57'),
(215, 3, 'Mateo Skiles', 'Eos in facere illo non placeat vero voluptas hic. Tempore magni perferendis occaecati est excepturi dignissimos. Esse in rem alias occaecati numquam quidem ipsam. Odio assumenda ad soluta ipsum voluptatem quia eos. Labore enim ad aut quibusdam et et.', 2, '2018-04-23 21:04:57', '2018-04-23 21:04:57'),
(216, 93, 'Winifred Dibbert', 'Consequatur et quis velit et et dicta sit. Officia ut qui repellendus commodi. Omnis adipisci quibusdam dolor ex nisi recusandae. Possimus et nesciunt dolorem unde consequatur.', 1, '2018-04-23 21:04:57', '2018-04-23 21:04:57'),
(217, 39, 'Quinten Feeney', 'Facere voluptas rerum consectetur libero et. Corrupti quaerat maxime dolores placeat perspiciatis quia excepturi.', 3, '2018-04-23 21:04:57', '2018-04-23 21:04:57'),
(218, 33, 'Ms. Emelia Ledner', 'Eum nam laborum dicta et. Aliquam fuga et deleniti dolores est occaecati. Quia magni ratione qui perferendis dolore quo est. Voluptatem dignissimos atque dolores beatae.', 2, '2018-04-23 21:04:57', '2018-04-23 21:04:57'),
(219, 11, 'Sherwood Kreiger', 'Temporibus vel ab facere nihil rerum. Occaecati consequatur quibusdam iste quisquam. Unde mollitia in aperiam voluptas.', 3, '2018-04-23 21:04:57', '2018-04-23 21:04:57'),
(220, 92, 'Ms. Magali Crist DVM', 'Beatae nemo commodi et omnis voluptas. Consectetur distinctio delectus ea est. Temporibus ea rerum odio minus in quaerat cupiditate ipsa.', 3, '2018-04-23 21:04:57', '2018-04-23 21:04:57'),
(221, 63, 'Ms. Adriana Beer', 'Doloremque id eos cumque nihil illo dignissimos. Beatae sint et sunt aut minus sapiente architecto. Eos cum explicabo rem hic ut autem dolor esse. Et illum debitis magni aliquid harum aut molestias impedit. Quia itaque quia nihil praesentium dignissimos.', 0, '2018-04-23 21:04:57', '2018-04-23 21:04:57'),
(222, 21, 'Dr. Noemie Gleichner III', 'Tenetur ea dolorum facilis. Nam unde repudiandae eos accusantium itaque doloremque. Facere iste officiis et.', 1, '2018-04-23 21:04:57', '2018-04-23 21:04:57'),
(223, 42, 'Mr. Cooper Weimann V', 'Quo nostrum animi eveniet atque. Eos unde rerum iusto sed. Et vel impedit quo eum aut aut tenetur nam.', 0, '2018-04-23 21:04:57', '2018-04-23 21:04:57'),
(224, 29, 'Bernadine Kreiger', 'Fugit ut reprehenderit veritatis incidunt. Aut ut neque et quia totam. Dolorum quae dolorem perspiciatis reiciendis.', 2, '2018-04-23 21:04:57', '2018-04-23 21:04:57'),
(225, 71, 'Creola Hilpert', 'Voluptates eum ullam similique odio quo rerum cupiditate. Debitis autem dolorem id non ut ab voluptas voluptatem. Commodi quis commodi qui maiores placeat delectus.', 3, '2018-04-23 21:04:57', '2018-04-23 21:04:57'),
(226, 18, 'Magnolia Ankunding', 'Eveniet officia ut natus. Quia consequatur in quia. Vitae voluptas atque ut aut ut quia.', 4, '2018-04-23 21:04:57', '2018-04-23 21:04:57'),
(227, 31, 'Rosetta Friesen', 'Nesciunt sunt possimus minus provident et autem. Assumenda aut modi eveniet ipsam ex laudantium qui. Natus et modi deleniti dolorem aspernatur in molestiae. Qui error inventore quia amet.', 2, '2018-04-23 21:04:57', '2018-04-23 21:04:57'),
(228, 61, 'Brendon Blanda IV', 'Eligendi voluptas ipsam ipsa voluptatum itaque non. Quia excepturi ducimus esse ut similique odio ut.', 2, '2018-04-23 21:04:57', '2018-04-23 21:04:57'),
(229, 58, 'Mrs. Haylie Schmidt Sr.', 'Commodi sapiente nostrum autem perferendis nemo nam consequatur amet. Sit ut veritatis quo non commodi quo. Repellendus sunt tenetur tempore sint sapiente. Dicta accusamus corporis non accusamus autem voluptates expedita. Dolorum porro quo velit non.', 2, '2018-04-23 21:04:57', '2018-04-23 21:04:57'),
(230, 76, 'Oceane O\'Kon', 'Sint ad voluptas officia ullam. Illo animi hic est numquam voluptatem voluptatem vitae. Quisquam culpa quaerat vel rerum tenetur dolor.', 0, '2018-04-23 21:04:57', '2018-04-23 21:04:57'),
(231, 35, 'Prof. Harley Hayes', 'Explicabo possimus omnis qui. Ipsam aliquid quas excepturi qui qui nemo. Inventore itaque ea esse. Dignissimos cum qui quo quis est perferendis dolores consequatur.', 3, '2018-04-23 21:04:57', '2018-04-23 21:04:57'),
(232, 67, 'Rosanna Senger', 'Voluptas error architecto accusantium eos animi omnis aut nemo. Adipisci sunt impedit architecto ut et mollitia eligendi. Molestiae ullam dignissimos qui ut est quo.', 2, '2018-04-23 21:04:57', '2018-04-23 21:04:57'),
(233, 32, 'Ms. Yasmeen Conroy V', 'Tempora eaque ex rem vero illo cupiditate. Ad consectetur tempora aut nostrum quidem optio.', 5, '2018-04-23 21:04:57', '2018-04-23 21:04:57'),
(234, 33, 'Mr. Chadd Abernathy I', 'Nesciunt corrupti necessitatibus nihil consequatur aut ad iure. Molestiae qui et harum et voluptas. Id id totam voluptatum animi sapiente ratione ducimus. Veritatis earum est quia rem sequi laborum modi.', 5, '2018-04-23 21:04:57', '2018-04-23 21:04:57'),
(235, 21, 'Cedrick McCullough', 'Labore ullam rem quo ad et aliquam et. Vitae est quasi quia ullam. Ut eius excepturi qui et sed tempore. Aut omnis dolor sequi nulla non deserunt amet minus.', 2, '2018-04-23 21:04:57', '2018-04-23 21:04:57'),
(236, 23, 'Cristal Herzog', 'Harum praesentium velit quod odio consequatur dolorum rerum. Possimus nihil id ut tenetur dolores. Voluptas est sequi ut eveniet veritatis ut officia.', 0, '2018-04-23 21:04:57', '2018-04-23 21:04:57'),
(237, 42, 'Alyce Abshire MD', 'Beatae velit quia quos qui est. Ut cumque saepe ad culpa occaecati. Laudantium aut error explicabo consequuntur sed officia consequatur.', 3, '2018-04-23 21:04:57', '2018-04-23 21:04:57'),
(238, 67, 'Johnson Hettinger', 'Quidem et fugiat magnam consequatur. Praesentium voluptatem tempora tenetur sit. Est eveniet perspiciatis in autem. Non sed eligendi modi perspiciatis iste velit.', 0, '2018-04-23 21:04:57', '2018-04-23 21:04:57'),
(239, 80, 'Aron Barrows', 'Est veniam animi consequatur odio. Aut in ullam rerum odio quaerat minus rerum. Sunt quisquam quas natus impedit atque omnis optio ut.', 1, '2018-04-23 21:04:57', '2018-04-23 21:04:57'),
(240, 94, 'Devan Emard', 'Nam non cupiditate placeat quia velit. Aut consequuntur aliquid dolores rerum unde blanditiis quod. Qui sint nostrum nesciunt et voluptas iusto veritatis. Quas numquam quo ut rem.', 3, '2018-04-23 21:04:57', '2018-04-23 21:04:57'),
(241, 94, 'Prof. Adonis Schmitt Sr.', 'Velit molestiae vel maxime provident fuga eum sed. Eligendi cum odio pariatur corporis ut. Consequatur quasi repudiandae quia autem dolores tempora. Sint facere explicabo assumenda officia dolore quia commodi nisi.', 1, '2018-04-23 21:04:57', '2018-04-23 21:04:57'),
(242, 56, 'Lacy Sawayn', 'Voluptas similique itaque harum porro dolore sed qui. Voluptatem natus magnam nam.', 1, '2018-04-23 21:04:57', '2018-04-23 21:04:57'),
(243, 61, 'Jolie Goldner II', 'Consequatur et fugiat minus possimus non illo. Est fuga modi fuga optio rerum itaque. Explicabo esse et cupiditate iure consequatur fuga.', 2, '2018-04-23 21:04:57', '2018-04-23 21:04:57'),
(244, 94, 'Jaquelin Hoppe', 'Sed quae placeat eum qui consequuntur saepe dolor. Quasi ullam nobis ab modi. Ea consequatur ut sapiente sit. Suscipit eos repellat dolorem mollitia et.', 1, '2018-04-23 21:04:57', '2018-04-23 21:04:57'),
(245, 91, 'Dr. Parker Wyman', 'Pariatur laudantium sequi deleniti modi. Dolorem similique sed ut neque esse provident. Aliquam magni non quis quia sed. Hic vitae eius et incidunt. Vero asperiores cumque eligendi.', 3, '2018-04-23 21:04:57', '2018-04-23 21:04:57'),
(246, 74, 'Tyrique Treutel', 'Eius est ut similique veritatis assumenda. Consequatur aliquam ut esse veniam inventore eius soluta. Cupiditate mollitia dolores pariatur consequatur ut quos. Laboriosam ut quam mollitia blanditiis quidem est similique. Omnis expedita iste consequatur illum rerum quos est.', 4, '2018-04-23 21:04:57', '2018-04-23 21:04:57'),
(247, 61, 'Braden Huels', 'Enim dignissimos et quo. Voluptates deleniti impedit omnis doloribus. Est ea facere qui non. Assumenda error enim error sequi suscipit expedita assumenda quae. Nihil culpa sunt deleniti est non corrupti.', 1, '2018-04-23 21:04:57', '2018-04-23 21:04:57'),
(248, 20, 'Raina McLaughlin', 'Facilis dolor odio voluptates aut aut quia. Et impedit vel optio consectetur temporibus. Porro ratione tempore sed in expedita minus. Ut deleniti officiis quidem incidunt reiciendis. A accusamus nisi consequuntur numquam aliquid iste.', 4, '2018-04-23 21:04:57', '2018-04-23 21:04:57'),
(249, 21, 'Lilly Walsh', 'Facere soluta et ut sequi. Dolorem quia rem sunt qui. Adipisci sit suscipit nam. Delectus dolores aliquid rerum distinctio. Ratione laboriosam cupiditate accusamus quasi quidem.', 3, '2018-04-23 21:04:57', '2018-04-23 21:04:57'),
(250, 21, 'Prof. Gerda Thiel', 'Consectetur laborum vero labore et. Illo quam aliquam enim.', 2, '2018-04-23 21:04:57', '2018-04-23 21:04:57'),
(251, 17, 'Prof. Rosamond Sawayn', 'Quam consequuntur ipsa voluptates molestiae dolore sed. Laborum aut maxime nesciunt consequatur et occaecati expedita. Molestias unde ducimus et est id necessitatibus.', 0, '2018-04-23 21:04:57', '2018-04-23 21:04:57'),
(252, 48, 'Prof. Loyal Hyatt', 'Et aut et quas ut ut nemo sunt. Sed ducimus inventore quis dolores. Voluptatem voluptates veniam nemo reprehenderit quae ut nesciunt. Commodi est voluptates autem nam.', 4, '2018-04-23 21:04:57', '2018-04-23 21:04:57'),
(253, 36, 'Raul Padberg', 'Ex quia delectus dolores libero veniam fugit. Laudantium necessitatibus eum temporibus nesciunt reiciendis. Maxime et quia deleniti voluptatem. Qui rerum voluptatibus quisquam est perferendis doloribus.', 2, '2018-04-23 21:04:57', '2018-04-23 21:04:57'),
(254, 29, 'Casimer Reilly', 'Laudantium et aperiam repellat mollitia modi perspiciatis. Fuga velit aspernatur ducimus dolor odit excepturi ad reiciendis. Mollitia quaerat soluta veniam veritatis architecto.', 1, '2018-04-23 21:04:57', '2018-04-23 21:04:57'),
(255, 87, 'Callie Little', 'Deserunt sunt eveniet sit sunt. Numquam cumque sint nam consequatur quam dolores harum. Maiores distinctio qui suscipit corrupti voluptatem dolores.', 4, '2018-04-23 21:04:57', '2018-04-23 21:04:57'),
(256, 47, 'Madison Bernier', 'Rerum ut quis temporibus expedita. Ipsum rem maiores tempore blanditiis esse esse qui esse.', 2, '2018-04-23 21:04:57', '2018-04-23 21:04:57'),
(257, 18, 'Enos Grant', 'Voluptatem et eos debitis dicta quisquam at. Repudiandae ducimus numquam officia illum porro magni temporibus. Nulla neque cum totam perspiciatis cum est. Iure mollitia et nulla voluptatibus voluptas ut. Dolores qui magni hic tempora quam accusamus.', 3, '2018-04-23 21:04:57', '2018-04-23 21:04:57'),
(258, 73, 'Ruben Kessler Jr.', 'Omnis inventore aut inventore. Quibusdam nam culpa aut dolor rerum. Sit iusto pariatur eum et debitis.', 4, '2018-04-23 21:04:57', '2018-04-23 21:04:57'),
(259, 52, 'Mrs. Ashly Gibson I', 'Aliquam eaque sed quisquam esse reprehenderit repellendus at. Id dolorem repellendus corporis atque ad. Officiis animi eius ea. Aspernatur voluptatem quas aut sed a blanditiis. Suscipit perspiciatis iste voluptatem beatae ut optio.', 5, '2018-04-23 21:04:57', '2018-04-23 21:04:57'),
(260, 63, 'Haskell Kling III', 'Assumenda aspernatur tenetur aut tempora veritatis atque possimus minus. Pariatur quibusdam eveniet in impedit vel molestiae. Quis deleniti laudantium quis minus minima fuga quae.', 5, '2018-04-23 21:04:57', '2018-04-23 21:04:57'),
(261, 91, 'Dr. Cora Bahringer III', 'Nemo sed unde qui. Sapiente aut assumenda nam qui. Sunt doloremque eos labore vero. Blanditiis et ea qui molestiae maxime recusandae earum. Ex atque laboriosam unde nesciunt itaque animi.', 2, '2018-04-23 21:04:57', '2018-04-23 21:04:57'),
(262, 29, 'Clemmie Bins III', 'Beatae necessitatibus dolores voluptatem eos dolorum maiores est dicta. Temporibus mollitia in aut. Dolore eum consequatur voluptas sed assumenda ipsa.', 5, '2018-04-23 21:04:57', '2018-04-23 21:04:57'),
(263, 77, 'Baylee Armstrong', 'Quisquam commodi aut quo voluptas. Sunt omnis facilis aperiam eos ut ad. Soluta laboriosam quos fugiat.', 5, '2018-04-23 21:04:57', '2018-04-23 21:04:57'),
(264, 19, 'Bernadine Walker', 'Officiis consequuntur aut velit quasi corrupti in facilis. Veniam et hic ut dolorum. Earum et facere ea laudantium consequatur dicta et vero.', 5, '2018-04-23 21:04:57', '2018-04-23 21:04:57'),
(265, 47, 'Trenton Bins', 'Qui dolores ipsa et blanditiis. Debitis reprehenderit voluptatem voluptatum odio. Quo commodi optio omnis enim quo adipisci eveniet. Et vel repellat tenetur sequi in aut explicabo.', 2, '2018-04-23 21:04:57', '2018-04-23 21:04:57'),
(266, 37, 'Giovanny Ferry', 'Officiis nemo nobis voluptatem minus aspernatur veniam. Voluptatem inventore nesciunt libero qui numquam. Odio eos sunt sed quia in. Cumque labore adipisci dolor labore ullam.', 3, '2018-04-23 21:04:57', '2018-04-23 21:04:57'),
(267, 73, 'Savannah Doyle I', 'Id incidunt necessitatibus ipsam alias ea iure. Numquam quis mollitia sunt temporibus. Similique nisi odio debitis reprehenderit ut velit. Non fugiat aut reprehenderit. Error commodi nesciunt dolorum earum omnis.', 1, '2018-04-23 21:04:57', '2018-04-23 21:04:57'),
(268, 48, 'Nelson Orn', 'Temporibus aut nesciunt ratione et atque dolorum. Est voluptatibus ipsa harum quae illo. Blanditiis aliquid qui cum quaerat provident esse.', 1, '2018-04-23 21:04:58', '2018-04-23 21:04:58'),
(269, 40, 'Elvera Pagac', 'Nihil velit animi illo impedit. Voluptatibus quaerat eum vitae animi qui facilis velit. Ullam porro commodi ut soluta autem. Qui est id eligendi magnam totam sed.', 1, '2018-04-23 21:04:58', '2018-04-23 21:04:58'),
(270, 31, 'Dedric O\'Conner', 'Voluptatibus exercitationem dolor eaque repellat sequi ullam nam. Et ad iure deserunt ullam aut et omnis ut. Quod amet laboriosam numquam ipsa nisi autem.', 1, '2018-04-23 21:04:58', '2018-04-23 21:04:58'),
(271, 9, 'Miss Evelyn Dach MD', 'Perferendis quos est quia assumenda ratione possimus autem vitae. Libero dolor totam molestiae sed ea. Autem occaecati enim dolorem qui quia iusto. Eos soluta voluptatem accusamus ab. A itaque soluta impedit impedit.', 1, '2018-04-23 21:04:58', '2018-04-23 21:04:58'),
(272, 89, 'Leone Aufderhar', 'Voluptatum possimus tempore quibusdam temporibus dicta ut beatae. Est et magni ut sit provident odio. Voluptas nemo non consequatur minus quo. Qui minus expedita dolorem autem natus aut occaecati. Eveniet et a quibusdam omnis.', 3, '2018-04-23 21:04:58', '2018-04-23 21:04:58'),
(273, 53, 'Prof. Annette Bergstrom', 'Enim qui omnis molestiae pariatur in rerum. Aliquam architecto repudiandae commodi non dolor voluptas. Eos perferendis voluptas qui quis vero voluptatem.', 5, '2018-04-23 21:04:58', '2018-04-23 21:04:58'),
(274, 4, 'Iliana Jacobson', 'Voluptas nobis optio quasi ipsam repellat. Temporibus sunt dolorem inventore optio consequuntur exercitationem expedita. Voluptatibus deleniti quia vero eligendi libero.', 3, '2018-04-23 21:04:58', '2018-04-23 21:04:58'),
(275, 19, 'Ms. Lorena Bogan MD', 'Corporis qui necessitatibus ea ipsum sed. Velit officiis recusandae sunt corrupti. Velit inventore aliquam porro suscipit. Quo sequi fugiat molestiae ea architecto aliquid eius.', 1, '2018-04-23 21:04:58', '2018-04-23 21:04:58'),
(276, 57, 'Mr. Jayde Grady Jr.', 'Aliquid dolores aperiam atque et sit qui enim. In ut aut ducimus nulla hic. Odio dolorum nisi voluptatum laborum eum.', 1, '2018-04-23 21:04:58', '2018-04-23 21:04:58'),
(277, 43, 'Wilfredo Renner', 'Quo non vero voluptatem et. Facere magni molestiae enim deserunt. Expedita suscipit voluptatum ut rerum eligendi iste doloribus.', 2, '2018-04-23 21:04:58', '2018-04-23 21:04:58'),
(278, 15, 'Durward Willms II', 'Amet ipsa nostrum nihil a. Velit quo in ipsa rerum delectus totam. Assumenda hic voluptatum autem eum molestiae ipsam. Dolorum est facilis pariatur illum fuga quam magni aut.', 0, '2018-04-23 21:04:58', '2018-04-23 21:04:58'),
(279, 26, 'Stefan Price II', 'Ullam asperiores dolores inventore dolore aliquid. Reprehenderit voluptates adipisci ipsa rem consequatur. Dignissimos ut quibusdam laboriosam dolor adipisci quia.', 1, '2018-04-23 21:04:58', '2018-04-23 21:04:58'),
(280, 31, 'Mr. Nigel Ankunding', 'Perferendis aut vel et perferendis. Et quasi rerum quia error ea non.', 0, '2018-04-23 21:04:58', '2018-04-23 21:04:58'),
(281, 13, 'Prof. Alden Metz Sr.', 'Cumque ullam enim quos ut. Sapiente vero qui culpa qui sit dolores. Aut sunt architecto dolorem nihil qui.', 5, '2018-04-23 21:04:58', '2018-04-23 21:04:58'),
(282, 15, 'Prof. Grace Stark', 'Expedita et omnis alias consequatur aspernatur consequatur. Omnis quia fuga voluptatem blanditiis. Rerum quidem saepe dolores ut sed assumenda modi eius.', 4, '2018-04-23 21:04:58', '2018-04-23 21:04:58'),
(283, 17, 'Toy White', 'Rerum voluptas quo facere voluptatem aperiam culpa soluta iste. Dolores eum placeat repellendus eum laboriosam. Quaerat dolor qui aperiam ea voluptas quis quis laborum. Rerum asperiores optio quasi praesentium.', 2, '2018-04-23 21:04:58', '2018-04-23 21:04:58'),
(284, 47, 'Werner Ankunding', 'Explicabo quo enim ducimus beatae incidunt est expedita. Consectetur laboriosam et sint ex modi in. Alias perferendis occaecati sed optio et facere.', 2, '2018-04-23 21:04:58', '2018-04-23 21:04:58'),
(285, 15, 'Tate Kohler', 'Aut est adipisci debitis est aut. Dolores veritatis praesentium deleniti aut. Qui facilis eligendi ab eum voluptatum. Et voluptas qui omnis reiciendis distinctio.', 1, '2018-04-23 21:04:58', '2018-04-23 21:04:58'),
(286, 71, 'Lynn Weimann MD', 'Quo delectus a iure a tempore eos dicta. Ullam impedit earum doloremque ut totam saepe voluptatem. Quia aut voluptates eligendi officiis sit iure sint tempore.', 4, '2018-04-23 21:04:58', '2018-04-23 21:04:58'),
(287, 5, 'Isabella Heathcote Jr.', 'Et pariatur optio ut totam et. Veritatis totam temporibus aspernatur sit. Porro quam nisi libero ut quaerat. Porro voluptatem voluptatem ut atque repudiandae tempora. Alias est excepturi voluptas dolorum eos ab et est.', 3, '2018-04-23 21:04:58', '2018-04-23 21:04:58'),
(288, 33, 'Blair Jast', 'Ducimus quaerat earum ducimus ut et quas. Alias eum veritatis et et vel. Reiciendis voluptate quo sed consequatur aperiam ea. Nihil quae voluptate fuga dolore quae corrupti amet voluptatem.', 0, '2018-04-23 21:04:58', '2018-04-23 21:04:58'),
(289, 65, 'Prof. Scot Strosin DDS', 'Odit minima odit dicta tempora quaerat omnis. Voluptatem qui voluptatem necessitatibus non architecto veritatis facilis. Qui modi iste repellendus similique voluptatem. Libero veritatis facilis est dolores odit quia neque.', 5, '2018-04-23 21:04:58', '2018-04-23 21:04:58'),
(290, 54, 'Brook Jakubowski', 'Tempora corporis quas sit debitis. Mollitia voluptatum provident quia molestiae error sed. Dolor ut illum fugit dolor. Voluptas sed perferendis illum est nobis. Autem velit harum repellendus impedit fugiat impedit.', 0, '2018-04-23 21:04:58', '2018-04-23 21:04:58'),
(291, 94, 'Glen Heidenreich', 'In reiciendis maiores veritatis dolor. Soluta id perferendis totam at. Adipisci dolore eligendi fuga aliquam eveniet voluptas. Et ex et illo quidem ducimus corrupti porro adipisci.', 4, '2018-04-23 21:04:58', '2018-04-23 21:04:58'),
(292, 4, 'Mr. Zachary Hartmann I', 'Consequatur dolores est consequatur inventore. Rerum laborum excepturi et soluta et exercitationem. Ut consequatur qui ad atque quia sapiente doloremque eveniet. Labore suscipit similique autem consequatur qui nemo facilis.', 5, '2018-04-23 21:04:58', '2018-04-23 21:04:58'),
(293, 60, 'Dr. Shannon Hilpert MD', 'Tenetur aspernatur iure autem aut delectus et. Cum sit saepe repellendus. Est minima porro voluptas consequatur fugit minus dolorem. Quaerat eos minima numquam qui saepe.', 4, '2018-04-23 21:04:58', '2018-04-23 21:04:58'),
(294, 92, 'Prof. Parker Pouros IV', 'Earum blanditiis at dolores praesentium fugiat. Earum eaque repellat facilis dolor qui sit dicta. Delectus blanditiis necessitatibus animi rerum.', 0, '2018-04-23 21:04:58', '2018-04-23 21:04:58'),
(295, 48, 'Ally Brown', 'Et eaque voluptatem velit totam quia necessitatibus sequi. Recusandae aut totam excepturi. Dolor est nesciunt dolorum ratione. Alias itaque itaque eius quam enim.', 2, '2018-04-23 21:04:58', '2018-04-23 21:04:58'),
(296, 98, 'Lisa Moore III', 'Eum et in fugit aliquid quibusdam nihil quia ut. Omnis est reprehenderit aut nemo. Aut nihil ab aliquid qui laudantium vero. In rerum laboriosam consequuntur ea quidem dolorem.', 0, '2018-04-23 21:04:58', '2018-04-23 21:04:58'),
(297, 23, 'Blair Yundt', 'Quia officia vel hic fugiat. Et totam sequi corporis maiores. Eius dolor sunt aspernatur reprehenderit fuga omnis.', 3, '2018-04-23 21:04:58', '2018-04-23 21:04:58'),
(298, 6, 'Nayeli Haag', 'Odio esse omnis consectetur impedit. Voluptatibus ut magnam voluptatem et ut et. Dicta pariatur mollitia repellendus voluptas et velit vero.', 5, '2018-04-23 21:04:58', '2018-04-23 21:04:58'),
(299, 65, 'Faye Ratke', 'Aut in ipsa repellat non. Enim quia voluptatum quis aut minus at. Repellat modi reprehenderit porro voluptas voluptas est nam. Placeat inventore molestias magnam architecto ut quasi.', 1, '2018-04-23 21:04:58', '2018-04-23 21:04:58'),
(300, 51, 'Winston Schimmel', 'Est delectus asperiores sit voluptas dolorem voluptatem illo. Nihil voluptas sapiente aliquam optio debitis et hic vitae. Non deleniti nisi labore quo dignissimos.', 3, '2018-04-23 21:04:58', '2018-04-23 21:04:58');

-- --------------------------------------------------------

--
-- Table structure for table `users`
--

CREATE TABLE `users` (
  `id` int(10) UNSIGNED NOT NULL,
  `name` varchar(191) COLLATE utf8mb4_unicode_ci NOT NULL,
  `email` varchar(191) COLLATE utf8mb4_unicode_ci NOT NULL,
  `password` varchar(191) COLLATE utf8mb4_unicode_ci NOT NULL,
  `remember_token` varchar(100) COLLATE utf8mb4_unicode_ci DEFAULT NULL,
  `created_at` timestamp NULL DEFAULT NULL,
  `updated_at` timestamp NULL DEFAULT NULL
) ENGINE=InnoDB DEFAULT CHARSET=utf8mb4 COLLATE=utf8mb4_unicode_ci;

--
-- Indexes for dumped tables
--

--
-- Indexes for table `migrations`
--
ALTER TABLE `migrations`
  ADD PRIMARY KEY (`id`);

--
-- Indexes for table `password_resets`
--
ALTER TABLE `password_resets`
  ADD KEY `password_resets_email_index` (`email`);

--
-- Indexes for table `products`
--
ALTER TABLE `products`
  ADD PRIMARY KEY (`id`);

--
-- Indexes for table `reviews`
--
ALTER TABLE `reviews`
  ADD PRIMARY KEY (`id`),
  ADD KEY `reviews_product_id_index` (`product_id`);

--
-- Indexes for table `users`
--
ALTER TABLE `users`
  ADD PRIMARY KEY (`id`),
  ADD UNIQUE KEY `users_email_unique` (`email`);

--
-- AUTO_INCREMENT for dumped tables
--

--
-- AUTO_INCREMENT for table `migrations`
--
ALTER TABLE `migrations`
  MODIFY `id` int(10) UNSIGNED NOT NULL AUTO_INCREMENT, AUTO_INCREMENT=5;

--
-- AUTO_INCREMENT for table `products`
--
ALTER TABLE `products`
  MODIFY `id` int(10) UNSIGNED NOT NULL AUTO_INCREMENT, AUTO_INCREMENT=101;

--
-- AUTO_INCREMENT for table `reviews`
--
ALTER TABLE `reviews`
  MODIFY `id` int(10) UNSIGNED NOT NULL AUTO_INCREMENT, AUTO_INCREMENT=301;

--
-- AUTO_INCREMENT for table `users`
--
ALTER TABLE `users`
  MODIFY `id` int(10) UNSIGNED NOT NULL AUTO_INCREMENT;

--
-- Constraints for dumped tables
--

--
-- Constraints for table `reviews`
--
ALTER TABLE `reviews`
  ADD CONSTRAINT `reviews_product_id_foreign` FOREIGN KEY (`product_id`) REFERENCES `products` (`id`) ON DELETE CASCADE;
COMMIT;

/*!40101 SET CHARACTER_SET_CLIENT=@OLD_CHARACTER_SET_CLIENT */;
/*!40101 SET CHARACTER_SET_RESULTS=@OLD_CHARACTER_SET_RESULTS */;
/*!40101 SET COLLATION_CONNECTION=@OLD_COLLATION_CONNECTION */;
